--
-- Data for Name: institutions; Type: TABLE DATA; Schema: public; Owner: -
--

INSERT INTO institutions (id, description, name) VALUES (1, 'AV. AGUIA DE HAIA, 2983 - Cidade A. E. Carvalho
CEP 03694-000 - São Paulo/SP
Telefone: (11) 20492600 R:201/202/205/206
E-mail: f111dir@cps.sp.gov.br', 'Fatec Zona Leste');
INSERT INTO institutions (id, description, name) VALUES (2, 'Av. Tiradentes, 615 - Bom Retiro
CEP 01101-010 - São Paulo/SP
Telefone: (11) 3322-2200 / (11) 3322-2213
E-mail: secaluno@fatecsp.br
Site: www.fatecsp.br', 'Fatec São Paulo');


--
-- Data for Name: courses; Type: TABLE DATA; Schema: public; Owner: -
--

INSERT INTO courses (id, code, description, image_url, name, semesters, institution_id) VALUES (1, 'ADS', 'A matemática, em especial raciocínio lógico e cálculo, é necessária para que o aluno aprenda a otimizar computadores e a desenvolver softwares. O aluno recebe noções sobre Bancos de Dados, sistemas baseados em web (como serviços bancários pela internet) e programação distribuída, que conecta computadores em rede para que funcionem como se fossem um só computador. Administração, contabilidade, economia, estatística e inglês também fazem parte do currículo. Além disso, habilidades para leitura e interpretação de textos são fundamentais para o aprendizado durante o curso. Hoje, o mercado não aceita mais profissionais que se isolam na frente do computador. As empresas exigem pessoas versáteis, dinâmicas, que saibam trabalhar em equipe e possam ter contato com o usuário final do sistema.', 'http://www.fatecsp.br/img/ti.jpg', 'Análise e Desenvolvimento de Sistemas', 6, 1);
INSERT INTO courses (id, code, description, image_url, name, semesters, institution_id) VALUES (2, 'LOG', 'O estudante vai aprender a determinar custos, como fretes e tributos e a planejar rotas de transporte e entrega de mercadorias de maneira eficiente, com qualidade, dentro do prazo estabelecido e a preços competitivos. Por isso, são importantes as disciplinas de cálculo, estatística, matemática financeira, economia e finanças empresariais. O aluno também estuda meios de transporte, suas características e vantagens. Aprende ainda a fazer a gestão de um estoque, a criar embalagens de produtos que facilitem o armazenamento e o transporte e a utilizar softwares de simulação de cargas e roteiros. Gestão, comércio exterior, logística internacional, inglês e espanhol são as disciplinas que completam o currículo.', 'http://www.fateczl.edu.br/imagens/logistica.png', 'Logística', 6, 1);
INSERT INTO courses (id, code, description, image_url, name, semesters, institution_id) VALUES (3, 'COMEX', 'As disciplinas que oferecem base para o curso são administração, economia e comunicação. O aluno vai estudar matemática, estatística, gestão de custos e tributos, gestão financeira, logística, contabilidade, economia internacional e os idiomas inglês e espanhol. As matérias específicas de Comércio Exterior abrangem aspectos geográficos, históricos, políticos e econômicos. O estudante vai aprender sobre blocos econômicos, acordos comerciais firmados entre o Brasil e os demais países do mundo, os organismos internacionais que intervêm no setor, logística internacional, processos de exportação e importação, práticas cambiais, marketing internacional e direito internacional, entre outros temas.', 'http://www.fateczl.edu.br/imagens/comex.jpg', 'Comércio Exterior', 5, 1);
INSERT INTO courses (id, code, description, image_url, name, semesters, institution_id) VALUES (4, 'RH', 'Todos os assuntos são tratados com foco em pessoas, na sua relação com o trabalho. As disciplinas administração financeira, estatística, economia e legislação são os pilares para a aprendizagem de cálculos trabalhistas, análise de retorno de investimento em treinamento etc. Há ainda ênfase no estudo do comportamento do profissional no ambiente de trabalho. Como realizar recrutamento, seleção, treinamento de profissionais, definição de tarefas e funções de acordo com a habilidade de cada indivíduo e cuidados com a qualidade de vida no trabalho completam a formação.', 'http://www.fateczl.edu.br/imagens/gestao_rh.jpg', 'Gestão de Recursos Humanos', 5, 1);
INSERT INTO courses (id, code, description, image_url, name, semesters, institution_id) VALUES (5, 'GEM', 'Contabilidade, economia e administração são as bases de Gestão Empresarial. Direito tributário, logística, empreendedorismo, gestão ambiental, comportamento organizacional (postura do profissional no ambiente de trabalho) e utilização de ferramentas de marketing para motivar e orientar os funcionários também fazem parte da formação. O aluno também aprende a elaborar o planejamento estratégico, que define os objetivos de uma empresa a traçar as estratégias para alcançá-los, usando os recursos disponíveis de maneira eficiente.', 'http://www.fateczl.edu.br/imagens/gestaoempresarial.jpg', 'Gestão Empresarial', 5, 2);


--
-- Data for Name: disciplines; Type: TABLE DATA; Schema: public; Owner: -
--

INSERT INTO disciplines (id, code, description, name, objective, semester, course_id) VALUES (1, 'IAL-002', 'Projeto e representação de algoritmos. Estruturas de controle de fluxo de execução: sequencial, seleção e repetição. Tipos de dados básicos e estruturados (vetores e registros). Rotinas. Arquivos. Implementação de algoritmos usando uma linguagem de programação.', 'Algoritmos', 'Analisar problemas computacionais e projetar soluções por meio da construção de algorítmos.', 1, 1);
INSERT INTO disciplines (id, code, description, name, objective, semester, course_id) VALUES (2, 'ILP-010', 'Variáveis, constantes, operadores e expressões. Comando de desvio. Controle de malhas. Vetores e ponteiros. Funções de biblioteca. Estruturas, uniões e tipos definidos pelo usuário. Manipulação de arquivos.', 'Linguagem de Programação', 'Solucionar problemas utilizando a lógica de programação e a implementação de programas por meio de uma linguagem de programação.', 2, 1);
INSERT INTO disciplines (id, code, description, name, objective, semester, course_id) VALUES (3, 'IED-001', 'Pilhas, filas, alocação dinâmica, recursividade, listas encadeadas, tabelas de espalhamento e árvores.', 'Estrutura de Dados', 'Criar e manipular tipos abstratos de dados: listas, pilhas, filas e árvores', 3, 1);
INSERT INTO disciplines (id, code, description, name, objective, semester, course_id) VALUES (4, 'AGO-006', 'Definição de projeto segundo concepção difundida pelas melhores práticas de gestão de projetos. Histórico do desenvolvimento do conjunto de conhecimentos de gestão de projetos. Comparação entre o gerenciamento por projetos com o gerenciamento tradicional. O ciclo de vida de um projeto. Os fatores de sucesso e insucesso de projetos e sua mensuração. As nove de conhecimento para a gestão de projetos e seus processos: Integração, Escopo, Tempo, Custo, Qualidade, Recursos Humanos, Comunicações, Riscos e Aquisições.', 'Gestão de Projetos', 'Conhecer e aplicar técnicas, métodos e ferramentas para uma gestão eficaz de projetos.', 6, 1);
INSERT INTO disciplines (id, code, description, name, objective, semester, course_id) VALUES (5, 'IRC-100', 'Prática em laboratório de instalação física de redes e suas diversas topologias, instalação de equipamentos de conectividade, cabeamento estruturado, protocolos TCP/IP, algorítmos e protocolos de roteamento, análise de tráfego, protocolos de transporte TCP e UDP, protocolos de aplicação e instalação de servidores/serviços de redes.', 'Laboratório de Redes', 'Instalar redes.', 6, 1);
INSERT INTO disciplines (id, code, description, name, objective, semester, course_id) VALUES (6, 'CEE-002', 'Desenvolver plano de negócio para empreendimento em Tecnologia da Informação.', 'Empreendedorismo', 'Conceitos sobre empreendedorismo. Características e habilidades do empreendedor. O comportamento empreendedor: análise de oportunidades. O processo de geração de idéias e conceito de negócios. Meios para análise de oportunidades e idéias. Estratégia de negócios. Aspectos de planejamento, abertura, funcionamento e gerenciamento de um negócio. Instituições de apoio e financiamento. Desenvolvimento de planos de negócio.', 6, 4);
INSERT INTO disciplines (id, code, description, name, objective, semester, course_id) VALUES (7, 'IBD-002', 'Conceitos de Base de Dados. Modelos conceituais de informações. Modelos de Dados: Relacional, Redes e Hierárquicos. Modelagem de dados - conceitual, lógica e física. Teoria relacional: dependências funcionais e multivaloradas, formas normais. Restrições de integridade e de segurança em Banco de Dados Relacional. Sistemas Gerenciadores de Banco de Dados – objetivo e funções. Linguagens de declaração e de manipulação de dados.', 'Banco de Dados', 'Entender fundamentos, arquitetura e técnicas de projeto e implementação de banco de dados.', 4, 1);
INSERT INTO disciplines (id, code, description, name, objective, semester, course_id) VALUES (8, 'IBD-100', 'Tecnologias emergentes de mercado que serão aplicadas em laboratório.', 'Laboratório de Banco de Dados', 'Implementar soluções de Banco de Dados por meio de tecnologias emergentes.', 5, 1);
INSERT INTO disciplines (id, code, description, name, objective, semester, course_id) VALUES (9, 'IES-100', 'Objetivos, conceitos e evolução da Engenharia de Software. Paradigmas de desenvolvimento de software. Evolução das metodologias de sistemas e suas principais técnicas. Processo de desenvolvimento de software. Modelos de software. Ciclo de vida. Qualidade de software e seus modelos. Melhores práticas no desenvolvimento de software.', 'Engenharia de Software I', 'Aplicar os princípios e conceitos da Engenharia de Software na implementação do componente software, como parte dos Sistemas de Informação e iniciar a modelagem de software (requisitos).', 2, 1);
INSERT INTO disciplines (id, code, description, name, objective, semester, course_id) VALUES (10, 'IES-200', 'Contexto atual das empresas em relação aos projetos de tecnologia de informação. Modelagem de Negócio para o desenvolvimento de software. Conceitos, evolução e importância da Engenharia de Requisitos. Entendendo e analisando os problemas e as necessidades dos usuários, clientes e envolvidos no projeto. Técnicas de elicitação. Requisitos, seus tipos e matriz de rastreabilidade. Definição do sistema a partir dos requisitos. Gerenciamento de requisitos.', 'Engenharia de Software II', 'Aplicar um processo de desenvolvimento de software, ênfase na definição e elicitação dos requisitos.', 3, 1);
INSERT INTO disciplines (id, code, description, name, objective, semester, course_id) VALUES (11, 'IES-300', 'Conceitos, evolução e importância de arquitetura de software. Padrões de Arquitetura. Padrões de Distribuição. Camadas no desenvolvimento de software. Tipos de Arquitetura de Software. Visões na arquitetura de software. Modelo de Análise e Projetos. Formas de representação. O processo de desenvolvimento. Mapeamento para implementação. Integração do sistema. Testes: planejamento e tipos. Manutenção. Documentação.', 'Engenharia de Software III', 'Conhecer e aplicar padrões ao processo de software. Mapear modelos de representação.', 4, 1);
INSERT INTO disciplines (id, code, description, name, objective, semester, course_id) VALUES (12, 'ISG-003', 'Requisitos de segurança de aplicações, de base de dados e de comunicações. Segurança de dispositivos móveis. Políticas de segurança. Criptografia. Firewalls. Vulnerabilidades e principais tecnologias de segurança.', 'Segurança da Informação', 'Compreender e aplicar as melhores práticas de Segurança da Informação de acordo com normas e padrões conhecidos no mercado de TI.', 5, 1);


--
-- Data for Name: users; Type: TABLE DATA; Schema: public; Owner: -
--

INSERT INTO users (id, birth_date, creation_date, email, enabled, full_name, gender, password, course_id) VALUES (1, '2021-03-13', '2021-03-13 05:55:00.073', 'staff@fatecando.com', true, 'Staff Staff', 'MALE', '$2a$10$NjzYQyDU4sAsq1mZwbG6JupxuuF0DYHkPO5emwMEqb500.kF9RiS2', NULL);
INSERT INTO users (id, birth_date, creation_date, email, enabled, full_name, gender, password, course_id) VALUES (2, '2021-03-13', '2021-03-13 05:55:00.891', 'gustavo.almeida13@fatec.sp.gov.br', true, 'Gustavo Alves', 'MALE', '$2a$10$6hXmEBCXj/qYejdJGUZ/SuSZmJdo5GFhVnkjY8jksLYVPNZdwaZQe', 1);
INSERT INTO users (id, birth_date, creation_date, email, enabled, full_name, gender, password, course_id) VALUES (3, '2021-03-13', '2021-03-13 05:55:01.147', 'caique@gmail.com', true, 'Kayk Vida', 'MALE', '$2a$10$sSlUE7HxQrD9LO7izvds/.eI0X3vieD2ka9lt6jn/sBtPigXz91Q.', 1);
INSERT INTO users (id, birth_date, creation_date, email, enabled, full_name, gender, password, course_id) VALUES (4, '2021-03-13', '2021-03-13 05:55:01.454', 'kaizer@gmail.com', true, 'Kaizer Variola', 'MALE', '$2a$10$0d1LB1BGxZRZZEb6/sfFP.YHxzj6D9DuncKv2nmUvgWtc8.Pz50I6', 1);
INSERT INTO users (id, birth_date, creation_date, email, enabled, full_name, gender, password, course_id) VALUES (5, '2021-03-13', '2021-03-13 05:55:01.717', 'maria@hotmail.com', true, 'Maria Silva', 'FEMALE', '$2a$10$2UsFtP0eSTtgpxVaPcRq5uErs5WMH81jc4NDV/orqNxqrKkmCW5vm', 4);
INSERT INTO users (id, birth_date, creation_date, email, enabled, full_name, gender, password, course_id) VALUES (6, '2021-03-13', '2021-03-13 05:55:01.973', 'alice@hotmail.com', true, 'Alice Bianca', 'FEMALE', '$2a$10$G8cddnXZP1X.MJ4mZOuNwelJXyiSYBhLcFIx5pTIdxJDbElGFUlJ6', NULL);


--
-- Data for Name: topics; Type: TABLE DATA; Schema: public; Owner: -
--

INSERT INTO topics (id, creation_date, description, html_content, name, required, status, update_date, created_by_id, discipline_id) VALUES (7, '2021-03-13', 'Descrever os tipos de dispositvios e a função de cada um', '<p>Bla bla bla bla</p>', 'Dispositivos Finais e Dispositivos de WAN', false, 'APPROVED', '2021-03-13', 1, 4);
INSERT INTO topics (id, creation_date, description, html_content, name, required, status, update_date, created_by_id, discipline_id) VALUES (8, '2021-03-13', 'Description description description description', '<h3>Title</h3><br><p>F açsdkfj  aklsdfj çla <b>lçagj</b></p>', 'Cisco e ferramentas Cisco', false, 'APPROVED', '2021-03-13', 1, 4);
INSERT INTO topics (id, creation_date, description, html_content, name, required, status, update_date, created_by_id, discipline_id) VALUES (9, '2021-03-13', 'Demonstrar a configuração de um Roteador', '<h3>Title</h3><br><p>F afasd f açsdkfj  aklsdfj çla <b>lçagj</b></p>', 'Wan e Roteadores', true, 'APPROVED', '2021-03-13', 1, 4);
INSERT INTO topics (id, creation_date, description, html_content, name, required, status, update_date, created_by_id, discipline_id) VALUES (10, '2021-03-13', 'Configurar um grupo de roteadores e o roteamento estático', '<h3>Title</h3><br><p>F afasd fla lj açsdkfj  aklsdfj çla <b>lçagj</b></p>', 'Roteamento estático', true, 'APPROVED', '2021-03-13', 1, 4);
INSERT INTO topics (id, creation_date, description, html_content, name, required, status, update_date, created_by_id, discipline_id) VALUES (11, '2021-03-13', 'Introdução a linguagem de programação Java.', '<h3>Title</h3><br><p>F afasdaklsdfj çla <b>lçagj</b></p>', 'Introdução a Java', true, 'APPROVED', '2021-03-13', 2, 1);
INSERT INTO topics (id, creation_date, description, html_content, name, required, status, update_date, created_by_id, discipline_id) VALUES (12, '2021-03-13', 'Introdução a linguagem de programação Java.', '<h3>Title</h3><br><p>F afasdaklsdfj çla <b>lçagj</b></p>', 'Algoritmos', true, 'APPROVED', '2021-03-13', 2, 3);
INSERT INTO topics (id, creation_date, description, html_content, name, required, status, update_date, created_by_id, discipline_id) VALUES (13, '2021-03-13', 'Introdução a linguagem de programação Java.', '<h3>Title</h3><br><p>F afasdaklsdfj çla <b>lçagj</b></p>', 'Vetores e Matrizes', true, 'APPROVED', '2021-03-13', 2, 3);
INSERT INTO topics (id, creation_date, description, html_content, name, required, status, update_date, created_by_id, discipline_id) VALUES (14, '2021-03-13', 'Introdução a linguagem de programação Java.', '<h3>Title</h3><br><p>F afasdaklsdfj çla <b>lçagj</b></p>', 'Modularização', true, 'APPROVED', '2021-03-13', 2, 3);
INSERT INTO topics (id, creation_date, description, html_content, name, required, status, update_date, created_by_id, discipline_id) VALUES (15, '2021-03-13', 'Introdução a linguagem de programação Java.', '<h3>Title</h3><br><p>F afasdaklsdfj çla <b>lçagj</b></p>', 'Lista Encadeada', true, 'APPROVED', '2021-03-13', 2, 3);
INSERT INTO topics (id, creation_date, description, html_content, name, required, status, update_date, created_by_id, discipline_id) VALUES (16, '2021-03-13', 'Introdução a linguagem de programação Java.', '<h3>Title</h3><br><p>F afasdaklsdfj çla <b>lçagj</b></p>', 'Listas', true, 'APPROVED', '2021-03-13', 2, 3);
INSERT INTO topics (id, creation_date, description, html_content, name, required, status, update_date, created_by_id, discipline_id) VALUES (17, '2021-03-13', 'Introdução a linguagem de programação Java.', '<h3>Title</h3><br><p>F afasdaklsdfj çla <b>lçagj</b></p>', 'Pilha', true, 'APPROVED', '2021-03-13', 2, 3);
INSERT INTO topics (id, creation_date, description, html_content, name, required, status, update_date, created_by_id, discipline_id) VALUES (18, '2021-03-13', 'Introdução a linguagem de programação Java.', '<h3>Title</h3><br><p>F afasdaklsdfj çla <b>lçagj</b></p>', 'Fila', true, 'APPROVED', '2021-03-13', 2, 3);
INSERT INTO topics (id, creation_date, description, html_content, name, required, status, update_date, created_by_id, discipline_id) VALUES (19, '2021-03-13', 'Introdução a linguagem de programação Java.', '<h3>Title</h3><br><p>F afasdaklsdfj çla <b>lçagj</b></p>', 'Recursividade', true, 'APPROVED', '2021-03-13', 2, 3);
INSERT INTO topics (id, creation_date, description, html_content, name, required, status, update_date, created_by_id, discipline_id) VALUES (20, '2021-03-13', 'Introdução a linguagem de programação Java.', '<h3>Title</h3><br><p>F afasdaklsdfj çla <b>lçagj</b></p>', 'Ârvores', true, 'APPROVED', '2021-03-13', 2, 3);
INSERT INTO topics (id, creation_date, description, html_content, name, required, status, update_date, created_by_id, discipline_id) VALUES (21, '2021-03-13', 'Introdução a linguagem de programação Java.', '<h3>Title</h3><br><p>F afasdaklsdfj çla <b>lçagj</b></p>', 'Percurso em Arvores', true, 'APPROVED', '2021-03-13', 2, 3);
INSERT INTO topics (id, creation_date, description, html_content, name, required, status, update_date, created_by_id, discipline_id) VALUES (22, '2021-03-13', 'Introdução a linguagem de programação Java.', '<h3>Title</h3><br><p>F afasdaklsdfj çla <b>lçagj</b></p>', 'Percurso em Profundidade em Ârvores', true, 'APPROVED', '2021-03-13', 2, 3);
INSERT INTO topics (id, creation_date, description, html_content, name, required, status, update_date, created_by_id, discipline_id) VALUES (23, '2021-03-13', 'Introdução a linguagem de programação Java.', '<h3>Title</h3><br><p>F afasdaklsdfj çla <b>lçagj</b></p>', 'Percurso Preordem, Inordem, Posordem', true, 'APPROVED', '2021-03-13', 2, 3);
INSERT INTO topics (id, creation_date, description, html_content, name, required, status, update_date, created_by_id, discipline_id) VALUES (24, '2021-03-13', 'Introdução a linguagem de programação Java.', '<h3>Title</h3><br><p>F afasdaklsdfj çla <b>lçagj</b></p>', 'Ordenação', true, 'APPROVED', '2021-03-13', 2, 3);
INSERT INTO topics (id, creation_date, description, html_content, name, required, status, update_date, created_by_id, discipline_id) VALUES (25, '2021-03-13', 'Introdução a linguagem de programação Java.', '<h3>Title</h3><br><p>F afasdaklsdfj çla <b>lçagj</b></p>', 'Collections Java', true, 'APPROVED', '2021-03-13', 2, 3);
INSERT INTO topics (id, creation_date, description, html_content, name, required, status, update_date, created_by_id, discipline_id) VALUES (26, '2021-03-13', 'Introdução a linguagem de programação Java.', '<h3>Title</h3><br><p>F afasdaklsdfj çla <b>lçagj</b></p>', 'Diretorios e Arquivos', true, 'APPROVED', '2021-03-13', 2, 3);
INSERT INTO topics (id, creation_date, description, html_content, name, required, status, update_date, created_by_id, discipline_id) VALUES (27, '2021-03-13', 'Introdução a linguagem de programação Java.', '<h3>Title</h3><br><p>F afasdaklsdfj çla <b>lçagj</b></p>', 'Sorting Heapsort e Heapfy', true, 'APPROVED', '2021-03-13', 2, 3);
INSERT INTO topics (id, creation_date, description, html_content, name, required, status, update_date, created_by_id, discipline_id) VALUES (28, '2021-03-13', 'Introdução a linguagem de programação Java.', '<h3>Title</h3><br><p>F afasdaklsdfj çla <b>lçagj</b></p>', 'Binary Search', true, 'APPROVED', '2021-03-13', 2, 3);
INSERT INTO topics (id, creation_date, description, html_content, name, required, status, update_date, created_by_id, discipline_id) VALUES (29, '2021-03-13', 'Introdução a linguagem de programação Java.', '<h3>Title</h3><br><p>F afasdaklsdfj çla <b>lçagj</b></p>', 'Sorting - Selection', false, 'APPROVED', '2021-03-13', 2, 3);
INSERT INTO topics (id, creation_date, description, html_content, name, required, status, update_date, created_by_id, discipline_id) VALUES (30, '2021-03-13', 'Introdução a linguagem de programação Java.', '<h3>Title</h3><br><p>F afasdaklsdfj çla <b>lçagj</b></p>', 'Sorting - QuickSort', false, 'APPROVED', '2021-03-13', 2, 3);
INSERT INTO topics (id, creation_date, description, html_content, name, required, status, update_date, created_by_id, discipline_id) VALUES (31, '2021-03-13', 'Introdução a linguagem de programação Java.', '<h3>Title</h3><br><p>F afasdaklsdfj çla <b>lçagj</b></p>', 'Sorting - MergeSort', false, 'APPROVED', '2021-03-13', 2, 3);
INSERT INTO topics (id, creation_date, description, html_content, name, required, status, update_date, created_by_id, discipline_id) VALUES (32, '2021-03-15', 'Neste tópico, você irá: Escrever aplicativos Java simples, usar declarações de entrada e saída e aprender os tipos primitivos em Java.', '<h2><strong>1. Introdução</strong></h2><p><br></p><h3>Este capítulo apresenta a programação de aplicativos Java. Começaremos com exemplos de programas que exibem (saída) mensagens na tela. Em seguida, demonstraremos um programa que obtém (aceita a entrada) dois números de um usuário, calcula a soma e exibe o resultado. Você aprenderá como instruir o computador a executar cálculos aritméticos e a salvar os resultados para uso posterior. O último exemplo demonstra como tomar decisões. O aplicativo compara dois números, então exibe mensagens que mostram os resultados da comparação. Você usará as ferramentas de linha de comando JDK ( Java Development Kit) para compilar e executar os programas deste capítulo. Se preferir usar um ambiente de desenvolvimento integrado (integrated development environment — IDE), também postamos vídeos Dive Into® no site dos autores (ver seção Antes de começar, nas páginas iniciais) deste livro para o Eclipse, NetBeans e IntelliJ IDEA.</h3><p><br></p><h2><strong>2 Nosso primeiro programa Java: imprimindo uma linha de texto</strong></h2><p><br></p><h3>Um <span style="color: rgb(161, 0, 0);">aplicativo </span>Java é um programa de computador que é executado quando você utiliza o comando java para carregar a Java Virtual Machine</h3><h3>(JVM). Mais adiante, nesta seção, discutiremos como compilar e executar um aplicativo Java. Primeiro consideramos um aplicativo simples que exibe uma linha de texto. A Figura 2.1 mostra o programa seguido por uma caixa que exibe sua saída. O programa inclui os números de linha. Adicionamos esses números para propósitos instrutivos — eles não fazem parte de um programa Java. Esse exemplo ilustra vários recursos Java importantes. Veremos que a linha 9 faz o trabalho — exibindo a frase <em>Welcome to Java Programming!</em> na tela.</h3><p><br></p><pre class="ql-syntax" spellcheck="false"><span class="hljs-comment">// Figura 2.1: Welcome1.java</span>
<span class="hljs-comment">// Programa de impressão de texto. </span>
﻿
<span class="hljs-keyword">public</span> <span class="hljs-class"><span class="hljs-keyword">class</span> <span class="hljs-title">Welcome1</span> </span>{

   <span class="hljs-comment">// método main inicia a execução do aplicativo Javapublic static void main(String[] args) {</span>
       System.out.println(<span class="hljs-string">"Welcome to Java Programming!"</span>);
    } <span class="hljs-comment">// fim do método main</span>
﻿
﻿} <span class="hljs-comment">// fim da classe Welcome1</span>
</pre><p><br></p><blockquote>Welcome to Java Programming!</blockquote><p><br></p><h3><strong style="color: rgb(161, 0, 0);"><em>Comentando programas</em></strong></h3><p><br></p><p>Inserimos <strong style="color: rgb(161, 0, 0);">comentários</strong> para <strong style="color: rgb(161, 0, 0);">documentar programas</strong> e aprimorar sua legibilidade. O compilador Java ignora os comentários, portanto, eles não fazem o computador realizar qualquer ação quando o programa é executado. Por convenção, iniciamos cada programa com um comentário indicando o número da figura e o nome do arquivo. O comentário</p><p>na linha 1</p><pre class="ql-syntax" spellcheck="false"><span class="hljs-comment">// Figura 2.1: Welcome1.java</span>
</pre><p>começa com <strong style="color: rgb(161, 0, 0);">//</strong>, indicando que é um <strong style="color: rgb(161, 0, 0);">comentário de fim de linha</strong>, e termina no fim da linha, onde os caracteres // aparecem. Um</p><p>comentário de fim de linha não precisa começar uma linha; ele também pode começar no meio de uma linha e continuar até o final</p><p>(como nas linhas 6, 10 e 11). A linha 2</p><pre class="ql-syntax" spellcheck="false"><span class="hljs-comment">// Programa de impressão de texto.</span>
</pre><p>de acordo com nossa convenção, é um comentário que descreve o propósito do programa.</p><p>O Java também tem comentários tradicionais, que podem ser distribuídos ao longo de várias linhas, como em</p><pre class="ql-syntax" spellcheck="false"><span class="hljs-comment">/* Esse é um comentário tradicional. Ele
pode ser dividido em várias linhas */</span>
</pre><p>Eles começam e terminam com delimitadores, <strong style="color: rgb(161, 0, 0);">/*</strong> e <strong style="color: rgb(161, 0, 0);">*/</strong>. O compilador ignora todo o texto entre os delimitadores. O Java incorporou</p><p>comentários tradicionais e comentários de fim de linha das linguagens de programação C e C++, respectivamente. Preferimos</p><p>usar comentários //.</p><p>O Java fornece comentários de um terceiro tipo: <strong style="color: rgb(161, 0, 0);">comentários Javadoc</strong>. Esses são delimitados por <strong style="color: rgb(161, 0, 0);">//**</strong> e<strong> </strong><strong style="color: rgb(161, 0, 0);">*/</strong>. O compilador</p><p>ignora todo o texto entre os delimitadores. Os comentários no estilo Javadoc permitem-lhe incorporar a documentação do programa</p><p>diretamente aos seus programas. Esses comentários são o formato de documentação Java preferido na indústria. O <strong style="color: rgb(161, 0, 0);">programa</strong></p><p><strong style="color: rgb(161, 0, 0);">utilitário javadoc</strong> (parte do JDK) lê comentários Javadoc e os usa para preparar a documentação do programa no formato HTML.</p><p>Demonstraremos comentários Javadoc e o utilitário javadoc no Apêndice G, na Sala Virtual (em inglês), “Criando documentação</p><p>com javadoc”.</p><p><br></p><p><br></p>', 'Introdução a aplicativos Java', true, 'WAITING_FOR_RESPONSE', '2021-03-15', 1, 2);
INSERT INTO topics (id, creation_date, description, html_content, name, required, status, update_date, created_by_id, discipline_id) VALUES (33, '2021-03-15', 'O principal objetivo deste capítulo é fazer com que você pensando nas coisas que podem acontecer quando a segurança não é implementada em um computador ou rede - para aumentar um pouco a sua paranoia - e para lhe dar uma base em alguns conceitos-chave de segurança.', '<h2><strong>1 - Importância da Segurança do Computador e da Rede</strong></h2><p><br></p><h3 class="ql-align-justify"> 	A segurança do computador envolve a implementação de medidas para proteger um único computador. Ao proteger um único computador, você se preocupa em proteger o recursos armazenados nesse computador e protegendo esse computador contra ameaças. A segurança de rede envolve proteger todos os recursos de uma rede de ameaças. Você deve considerar não apenas os computadores da rede, mas outros dispositivos de rede, mídia de transmissão de rede e os dados sendo transmitidos em toda a rede. Nesta seção, você aprenderá a apreciar a importância de segurança de computador e rede, examinando alguns exemplos de ataques que poderia ocorrer. Esses exemplos devem fazer você pensar sobre o que poderia acontecer se a segurança do computador e da rede não for implementada. Também definiremos a segurança como será usado no contexto deste livro.</h3><p><br></p><h2><strong>2 - Expondo segredos</strong></h2><p><br></p><h3 class="ql-align-justify">	Quanto mais conectada nossa sociedade se torna, mais nossos dados confidenciais estão sujeitos a ser descoberto por aqueles que irão usá-lo maliciosamente ou para seu próprio benefício. Por exemplo, na primavera de 2005, os hackers descobriram a senha para T-Mobile © Sidekick © de Paris Hilton e publicou seu catálogo de endereços e outros informações pessoais na Internet. Pense sobre a vulnerabilidade dos dados você armazena no seu celular ou no seu assistente digital pessoal (PDA). Faz você usa senhas difíceis de adivinhar para protegê-lo?</h3><h3 class="ql-align-justify">	Questões de confidencialidade semelhantes são levantadas pelo uso de cartões de crédito para fazer compras pela Internet. Os protocolos básicos da Internet não fornecem proteção de confidencialidade, então as partes localizado entre o cliente e o comerciante poderia capturar números de cartão de crédito e use-os posteriormente para compras fraudulentas. Secure Sockets Layer (SSL) foi desenvolvido pela Netscape ® para lidar com este problema. SSL define o Hypertext Trans- fer Protocolo sobre SSL (HTTPS), que fornece criptografia de dados enviados usando Protocolo de transferência de hipertexto (HTTP), o protocolo usado no mundo inteiro Rede. Transport Layer Security (TLS) oferece proteção mais forte do que SSL e está substituindo-o gradualmente. Embora SSL e TLS possam proteger os dados enquanto eles estão sendo enviados através do Inter net (ou outra rede não segura), seu uso não significa o número do seu cartão de crédito ber está seguro. Verificando o tráfego da Internet em busca de pacotes contendo números de cartão de crédito é uma estratégia de ataque com baixo rendimento. Servidores mal protegidos em um site comercial que mantêm um banco de dados de números de cartão de crédito do cliente são uma recompensa muito mais alvo ing. Há evidências documentadas de que tais ataques ocorreram, ou para obter números de cartão de crédito ou para chantagear o comerciante. Outro risco potencial é o roubo de identidade. Roubo de identidade, ou seja, usando algum a “identidade” do outro (nome, número do seguro social, número da conta bancária, etc.) para obter acesso a um recurso ou serviço, explora uma fraqueza inerente aos serviços que usam informações de identificação não secretas para autenticar solicitações.</h3><p class="ql-align-justify"><br></p><h2><strong>3 - Causando Falhas do Sistema</strong></h2><h3 class="ql-align-justify"><br></h3><h3 class="ql-align-justify">	Alguns invasores não estão atrás de dados confidenciais. Em vez disso, eles querem interromper os negócios ness. Esses invasores usam uma variedade de técnicas para causar danos. Vulnerabilidades em software que aceita entrada do usuário, como navegadores de Internet ou software de e-mail, pode permitir que terceiros assumam o controle de um dispositivo. Atacantes pode corromper os dados no próprio dispositivo ou usar o dispositivo como um trampolim para ataques contra terceiros. Worms e vírus fazem uso de recursos generosos ou vulnerabilidades para espalhar-se amplamente e sobrecarregar redes e sistemas finais com o tráfego que geram erate. O worm da Internet de novembro de 1988 é um dos primeiros exemplos bem documentados desta espécie. Ataques de negação de serviço contra alvos específicos começaram a ocorreram na última década. Um ataque de negação de serviço é aquele que impede um servidor de realizar seu trabalho normal. A resiliência contra ataques de negação de serviço tornou-se um novo critério na concepção de protocolos de segurança.</h3>', 'Princípios de Segurança de Rede', false, 'WAITING_FOR_RESPONSE', '2021-03-15', 1, 12);
INSERT INTO topics (id, creation_date, description, html_content, name, required, status, update_date, created_by_id, discipline_id) VALUES (34, '2021-03-16', 'Neste capítulo mais, você aprenderá como reduzir a superfície de ataque para servidores e criar um rede segmentada que protege seus principais recursos contra ataques. O capítulo começa com uma revisão das camadas da pilha de rede e do TCP / IP protocolo.', '<h2>1 - Revisão de protocolos de rede</h2><p><br></p><h3 class="ql-align-justify">Ser capaz de identificar e diminuir o risco de confidencialidade ou integridade de dados violação durante uma transferência de dados de rede, você deve primeiro entender como os dados são transmitido em uma rede. Também é essencial entender a função que os firewalls jogar em uma rede.</h3><p><br></p><h2>1.1 Protocolos de compreensão</h2><h3 class="ql-align-justify"><br></h3><h3 class="ql-align-justify">A palavra protocolo possui várias definições, com base no contexto de seu uso. Na área de comunicações por computador, um protocolo é um conjunto formal de regras que descrevem como os computadores transmitem dados e se comunicam em uma rede. O protocolo define o formato da mensagem e as regras para a troca do mensagens. Por causa da complexidade e múltiplas funções necessárias para iniciar, estabelecer realizar, conduzir e encerrar comunicações entre computadores em uma rede, essas funções são divididas em camadas individuais gerenciáveis. Esta decomposição é conhecida como arquitetura em camadas. Em uma arquitetura em camadas, os protocolos são organizados em uma pilha de camadas em quais dados são passados da camada mais alta para a camada mais baixa para enviar um transmissão. Essa pilha de camadas é chamada de pilha de rede. o protocolos e padrões suportados em cada uma das camadas desempenham funções específicas e anexar informações aos dados conforme eles passam por uma camada específica. Este processo é chamado de encapsulamento de dados. No computador receptor, o processo é revertido e as camadas sucessivas de informações são eliminadas conforme o pacote viaja através da pilha até o camada mais alta. Cada protocolo separa e examina apenas os dados que foram anexado por sua contraparte de protocolo no computador de transmissão. As camadas no modelo variam desde o fornecimento de processos orientados a aplicativos no nível mais alto para a geração de sinais elétricos ou ópticos que são injetado no meio de transmissão (como fios, fibra óptica ou ar), na camada inferior. As camadas intermediárias executam funções adicionais, incluindo configurar a sessão de comunicação, transferir dados e detectar erros.</h3><p><br></p><h2>1.2 O modelo de interconexão de sistemas abertos</h2><p><br></p><h3 class="ql-align-justify">O modelo Open Systems Interconnection (OSI) foi desenvolvido por volta de 1981 pela Organização Internacional de Normalização (ISO). A referência OSI modelo inclui sete camadas funcionais, que fornecem a base para a comunicação cação entre computadores em redes. É útil ter uma compreensão geral posição do modelo de referência OSI ao falar sobre diferentes programas de segurança e como eles funcionam. As sete camadas do modelo OSI, da mais alta à mais baixa, são: Aplicação, apresentação, sessão, transporte, rede, enlace de dados e física. Vocês pode facilmente lembrar deles, usando a frase mnemônica "Todas as pessoas parecem Necessita de processamento de dados.</h3><p class="ql-align-justify"><br></p><h2 class="ql-align-justify">1.3 Portas TCP / IP</h2><p><br></p><h3 class="ql-align-justify">Um protocolo TCP / IP, como HTTP, usa uma porta específica ao transmitir dados. Uma porta é um número incluído no cabeçalho de um pacote. O computador destinatário usa esse número para identificar o serviço que deve processar o pacote. o computador receptor escuta as solicitações em um conjunto de portas. As portas de 0 até 1024 são conhecidas como portas bem conhecidas porque estão associadas a um serviço específico. As portas entre 1025 e 65000 podem ser atribuídas a aplicativos personalizados. Vocês também pode configurar alguns serviços que normalmente usam uma porta conhecida para usar um porta diferente. Por exemplo, você pode configurar seu servidor web para ouvir porta 3295 para um aplicativo de intranet específico.</h3><h3><br></h3><h3>Tabela: Portas conhecidas</h3><h3><br></h3><h3>Número da porta 	Protocolo</h3><h3>20 e 21					FTP</h3><h3>22							SSH</h3><h3>23							Telnet</h3><h3>25							SMTP</h3><h3>53							DNS</h3><h3>80							HTTP</h3><h3>110							POP3</h3><h3>443							HTTPS</h3>', 'Segurança de Rede e do Servidor', false, 'WAITING_FOR_RESPONSE', '2021-03-16', 1, 12);
INSERT INTO topics (id, creation_date, description, html_content, name, required, status, update_date, created_by_id, discipline_id) VALUES (35, '2021-03-16', 'A criptografia é uma parte essencial do fornecimento confidencialidade, integridade e autenticação de dados. Um entendimento básico de algoritmos criptográficos (procedimentos passo a passo ou fórmulas matemáticas usados ​​para resolver problemas) e seu papel em fornecer confidencialidade, integridade e a autenticação pode ajudá-lo a tomar boas decisões sobre como usar várias tecnologias que se baseiam neles.', '<h2>1 - Visão geral da criptografia</h2><h3 class="ql-align-justify"><br></h3><h3 class="ql-align-justify">Nesta primeira seção, daremos uma breve olhada na história da criptografia e a vulnerabilidades de alguns algoritmos históricos. A seguir, veremos uma visão geral das quatro principais áreas de criptografia, conhecidas como primitivas criptográficas. De lá, nós brevemente visão geral de como o processo XOR é usado na criptografia. Finalmente, vamos apresentar o elenco de personagens comumente usados ao discutir criptografia.</h3><h2><br></h2><h2>1.1 Uma breve história da criptografia</h2><p><br></p><h3 class="ql-align-justify">A humanidade tem necessidade de criptografar dados muito antes de os computadores serem inventado. Os líderes precisavam entregar dados secretamente aos generais na batalha campo, e os amantes enviaram mensagens um para o outro em código. As primeiras formas de criptografia era fácil de decifrar pelos padrões atuais. No entanto, antes do advento de computadores, analisando e encontrando a fraqueza em um algoritmo criptográfico (a processo conhecido como criptoanálise ) pode levar horas, dias ou anos porque dependia unicamente da engenhosidade e do esforço humanos. O algoritmo criptográfico de hoje ritmos são quebrados por computadores, que podem tentar milhões de combinações cada segundo. À medida que os computadores se tornam mais poderosos, os algoritmos criptográficos devem ser fortalecido para manter os dados seguros. Mas antes de discutirmos os algoritmos usados hoje, vamos dar uma olhada em alguns dos os primeiros métodos de criptografia e analise por que eles são fáceis de quebrar. Cifras de substituição Já em Júlio César, a criptografia era usada para proteger mensagens. César criptografaria suas mensagens antes de entregá-las aos mensageiros, protegendo-os de ser lido durante o trânsito. César usou um método simples de criptografia chamado de cifra de substituição. Uma cifra de substituição mapeia cada letra do alfa- aposta para outra carta. Por exemplo, a letra a pode ser mapeada para f , b para g , e assim por diante ao longo do alfabeto. César costumava substituir cada letra do alfabeto com a letra três letras à direita dela, envolvendo no final do alfabeto. Este mapeamento é mostrado na Figura 3-1, onde as letras na linha superior estão em texto simples (dados em sua forma legível e não criptografada), e aqueles em linha inferior são as letras correspondentes no texto cifrado (dados criptografados, forma ilegível). Usando este esquema de criptografia, ou cifra, se você codificasse a palavra criptografia , você deve procurar a letra c na linha superior e encontrar a letra f correspondente a ele na linha inferior. Aplicando este processo a todas as cartas produz o seguinte: Texto simples: criptografia Texto cifrado : fubswrjudskb Um algoritmo de criptografia requer texto simples e uma chave (um pedaço de dados usado com criptografia e descriptografia) para criar texto cifrado. A chave neste algoritmo ritmo é a tabela mostrada na Figura 3-1. Esta tabela atua como a chave para o algoritmo, mapear letras de texto simples para letras de texto cifrado. Para determinar a mesa, você precisa para saber o deslocamento usado para calcular o texto cifrado. Este valor é conhecido como mudança. Sem a tabela, tentar decodificar fubswrjudskb em criptografia pode parece uma tarefa impossível. No entanto, alguns criptanalistas (pessoas que ana- lyze e crack algoritmos criptográficos) percebeu que quebrar tal cifra foi muito fácil; eles precisavam tentar no máximo 25 substituições ou rotações diferentes do alfabeto antes que o texto cifrado seja convertido em texto simples, mak- sentido das palavras. Outra desvantagem de uma cifra de substituição simples é que é propenso a fre- análise de freqüência. A análise de frequência usa o fato de que algumas letras no lish language aparecem com mais frequência do que outras letras. Por exemplo, considere a seguinte frase: O inimigo planeja esperar até que a tempestade termine para atacar.</h3>', 'CRIPTOGRAFIA', false, 'WAITING_FOR_RESPONSE', '2021-03-16', 1, 12);
INSERT INTO topics (id, creation_date, description, html_content, name, required, status, update_date, created_by_id, discipline_id) VALUES (36, '2021-03-16', 'Uma parte fundamental da proteção de uma rede é proteger os recursos contra pessoas não autorizadas a acessar e impedir que os usuários realizem operações que não deveriam ser permissão para executar.', '<h2><strong>Modelos de controle de acesso</strong></h2><p><br></p><h3 class="ql-align-justify">O controle de acesso é projetado para mitigar vulnerabilidades relacionadas ao acesso que podem ser explorados por ameaças a uma rede. Neste caso, a ameaça teria o potencial para contornar ou frustrar os mecanismos de controle de acesso e permitir que um invasor obtenha acesso não autorizado a uma rede. Ao discutir o controle de acesso, os termos sujeitos e o objeto são usados. Um sujeito é uma entidade ativa (como um indivíduo ou processo) e um objeto é uma entidade passiva (como um arquivo). Um assunto também é chamado um diretor. Um objeto também é chamado de protegível. O controle de acesso envolve determinar o que um sujeito pode fazer com um objeto. Os modelos de controle de acesso podem ser classificados como discricionários, obrigatórios e baseados em funções. Nesta seção, discutiremos cada um deles. Você também aprenderá sobre o princípio de menor permissão.</h3><h2><br></h2><h2><strong>Controle de acesso discricionário (DAC)</strong></h2><p><br></p><h3 class="ql-align-justify">No controle de acesso discricionário (DAC), as permissões para acessar um objeto são atribuído por uma entidade autorizadora (normalmente um administrador ou de um objeto proprietário). Um meio de especificar o controle de acesso discricionário é por meio de uma tabela. A tabela contém os assuntos, objetos e privilégios de acesso que são atribuídos aos assuntos relativos aos objetos. Esta tabela é às vezes chamada de acesso lista de controle (ACL). A Tabela 5-1 é um exemplo de uma ACL. Por exemplo, Windows usa a ACL de um objeto para determinar quem pode acessá-lo e como. A Tabela 5-1 mostra que o programa denominado "Salário" pode ler ou gravar dados do arquivo denominado “Salário” e tem privilégios de leitura para o arquivo denominado “Benefícios”. Além disso, o programa “Salário” pode executar o processo denominado “Avaliação”. A Sra. Jones pode ler um arquivo denominado "Benefícios", mas não pode acessar o arquivo denominado “Salário” ou execute o processo denominado “Avaliação”. O processo denominado “Média” pode ler e modificar o arquivo denominado “Salário”, mas só pode ler o arquivo denominado “Benefícios.”</h3><p><br></p><p class="ql-align-justify">																		<img src="data:image/png;base64,iVBORw0KGgoAAAANSUhEUgAAAk4AAADKCAYAAABT588SAAAAAXNSR0IArs4c6QAAAARnQU1BAACxjwv8YQUAAAAJcEhZcwAADsMAAA7DAcdvqGQAAHqnSURBVHhe7d0HWBRHGwfwPwIiCioqKlIEafYCosYGdrHH3j5L7MYeWyJoBI0liWDsJXaNigoae4WIBgsYQFBBRAEBAWl31ONuvt27BRFpKqDi+3seE272yt7uuzPvzszuKTEOCCGEEEJIkSoI/yeEEEIIIUUosMfJxNBI+IsQQggh5Ovy9Hmo8NfbaKiOfFJ8gl5QcBLyISimSEmieCJ50VAdIYQQQkgxUeJECCGEEFJMlDgRQgghhBQTJU6EEEIIIcVEiRMhhBBCSDFR4kQIIYQQUkyUOBFCCCGEFBMlToQQQgghxUSJEyGEEEJIMVHiRAghhBBSTJQ4EUIIIV8EhvTQy9i4cgaGmBrBZLIbooUlpOxQ4kQIIYR8FjIQ63cGGxfPxFy7tXBy+B79O3+LeVuuIlQs5ZYroZJRT8xdNgWdNAANA21UVbzw88GSEXx+E5ZMm4IpQ6xhbtgBE5z/QVRW+flZXEqcCCGEkE+NJSFw/1LMcZGhz/JN2LhqKeYv3wzXk/Ohe2khRiw8hVCJkHykJuN1BqCiqY6KipI8MhDutgBtLH+GewKfcH2sLMT5/4fn6UUlP5kIP/UHjsEW9tt3YdcJN/w1Txeezmtx0DtJeM6XjxInQggh5JNKQ+iJFZhyow1WLx8IUw1loVwJKtodMGl2X6Rf3I1DdxMUxamJeJWqBQuj2lBRlLyrYm10GNcdTapnv9dHSPPFoUVn8DyzqMSpIvSH2MGujwk0lLiHSlpo3vkbVEccXr5OUzylHKDEiRBCCPmEWNQlrP/pBYbN6YsGqnzGkZsyarTsgC7KQTh57RFSuRJpzEs8gRb0tasonvIONej3WQqnuR2hnfft3ls6ws/uxw41A+hqvG/KIENqciIylZujbaMaQtmXjxInQggh5JMR4+Gpg7hS2xqdm2gKZXlo1YVRVe6ZYbFIBkOGKAFJqIW6Wul45LIMfY2NYNJqArb5JICJX+D28d8wt29rrswJPlnCe3CY+AkuONthycolGGdpg/lugUhIyR7Ky0CszzGsmjMfc8d0gLnNclyOEiPixmYsW3seUAnA3xu34IRfovD8ojHxQxzfew/tHX/AYCM1ofTLR4kTIYQQ8qlIw+B12h+q7ZvASK3w7iFl9YpQhhTJsTFculUJIvcjOFtlIo49OIgJlTzhvMMD0coqqNG2D7royABLI9QTxvKY2B8Hf1iDh98swNoVszGkVTLO7ziOewl8ZpWBqBtOmPpHKgb/8hs2HrqEazumoX1dDei174SmWWpo2H8y5s3/HkObV1e8YWFk4XD/40eM7zMOh6pPxdJhDbm1LT8ocSKEEEI+lfjneBgiQZV6NVFAfxMgeo1IsSqMmhuiBtIRGfqUy6IC4JHREdNtTaBR1RDNmlSF9G4oolR10VBfGUmxGahctzoqy98gGf77f8FvSoMw1koVz6+chY/5Spx1sUdPPTWwqKtYv/AurOcMQWN+fpUSlzCZ68rnKbHYMAQm1UJTw5rFTxgq6MNm5g+wX7MUnZ/+jKFjNuNuiUxS/zxQ4kQIIYR8KtJMpBWaUzBkhAbgX0kzDGhrAGWI8OpZHNd6d8H0sZbQ5DupWAZSRBIotzGCDj8XXJKIV88zoKVTA/JZUKmPcPHQQ9Q3TMKNXzbjWtWBsF/UX5iEzg8V7sHfWe3QPp+hQmlMBB5CHya6GkJJManUgmmHEbBbMxU1727HmtNPIRMWfekocSKEEEI+lara0OfyFdGzaAjXzOUhQoCHB+JshqJ3Iy4NkiUjJiwFqrZd0LqWYhyOJTyDr78yLK2bog6fSCVE4WlSVZjr1uASLS75eeGH61FcchWvAat5izG5rc6bq/FkL+Fz+TFgZQaDd4YKsxAXFopE5TqoXV1VKHsfSqhYux7qIwPxKRlcClg+UOJECCGEfCqVzdFpoAGk127hv/i8XU8M6UGn8cfx+nBcMUhxxV16HMKeAQ0tjFFTnuekI+La37hgMgkL+xvJG3XFVXfaMNFR3B6TpYkRBw2YtG+b61YHAlkKEsL4a/XyI0FC7CsuudNDHa08rysWCaK83HETzfDtN4byJK48oMSJEEII+WRqosOkWeihfg6bd99CbM4dtqUQc0nTL/Y+6PrnSgwxUpeXslcvECiqDlNdLa4B554TeAK/uFSDw+8TYaHJpyYypMTHIAG60KutuJJNxaQVbCsnwOv2I8Tzb89EeO6+H9uuvgRT0UOT7vWA2/fgL0/cGLJi7+HQQS8kMCnSxCLuLSXIykrGcw8P+BcwV0kWfh4/T3fA0cAkoWcpA7HeB7HS8QGsVzpgcqvP7h7nH0yJcYS/CSlzJoZGePo8VHhEyMejmCIlqWziiUuAQm/ggNMWHA+ph27d9JEZGoZM494YM6YXmmtnX8rPkHprNdqPOQXTYcNhpRaNyKqd8d3Evrmek4HnR2ag+yp97PZaAZuqfP9IBqLcN2Pe/B0IqWsFC5NG6DB0NIZ0bgANJS5RinKH09wl2B2tj04GVaHZejhmTu4JUw0Zos7bYeDM40gy7I0Zi+dhsq254uaWeWW9hOeO1VjuIkGXgcbI8L4Nf62OGDH2fxiee2iwHKDEiXxS1MiRkkYxRUrS5xVP/I/8+iJYsymaCfOb3pWAWw5D8d2z6bi6dxj080tyyEehoTpCCCHki8D/yG/LQpImTmYYfG+mo+ugttCjpKlUUOJECCGEfMmYGBFPXkLMpEi4fRqHtb7D7N76XJpFSgMlToQQQsgXjMXdxqbRIzFz8SL8eN4Im7aMReNKlDaVFprjRD4pmo9CShrFFClJFE8kL+pxIoQQQggpJkqcCCGEEEKKiRInQgghhJBiosSJkLfw90m5jI0rZ2CIqRFMJrshWlhS/vA33buCjXPX4XKURCh7Xyl47n4YW+zGoo2hBaa6RQjlRIHi6f1QPPGYOARXnJfi58svhbtwk88JTQ4nn1SZT7zMioHf2WM4fOEpKjbQQ8WI27j2zBDD583CuO7Gb+6Im+UDZ6sh2PftIdxe3gGVheLPAkvAo6uX4Ol1B1evXIa32Wp47h6EusLi4uF/quEv2O+Q4H92o2Gh/gQndp/C5VNHcP2lDlrZmEFL2BYsIQj/eFfBjFPHMc9Cg6vUQ/GvrxTN25vkbK8sHye0G3wWAw+fgH0HLUXhJ1K2MZWBWL9LOHLoIp5VNIBhxXBcvxoJ4xHfY+74LjDK/l2wzzmeuGPCx+VP7L8WhMigu3ggaoEJK1dgXv8C7hCdL4qnksLE/ji47DAyxy3ABPNouOXdjohHkHs4tEcvgcOSQWiU97fnSOnjEydCPhXj+obCX6VPJvJj+6dNYPauj5lIJhSydBZz8zc2oEFHNv14MMsUSlnSDWbXyJBZbvBmEqHobekszHU+s7JYwW7EZwllH0PCYv0esNC0nBUrRAoL9/Vn4Ql3mVNLQ9ZqrRe3Nu9DxjKfHWczRmxi3sm51z2cuU1qxYx77GSBb30lCYu5spedeMZ/Sgrz2zyIGZssZZdzvreU21zLWbP6g9gW3xSh7NMps5iSJbKAffPYSDtXFiTK3hYyJonxYOv7t2BW046zZ5nC/vxs4ymJ+W4eySyzY0jygp1f1JUZNxjNdgaI5c8oGsVTickMZi7TpzLn+/HcVs0mbMcBe1mQlH/MxVjkOba4tSmzmnOWRRanyiAliobqyNdB8hQnFy7Bjc4/wX5Q7jNpNWh3GItZQ4Ar64/hrkimKE5NxKtULVgY1S74N5Yq1kaHcd3RpHoJnPGl+eLQojN4nlmcDuDK0GveFHryM83KqF+nOlQVC4qH2xYuK11hNH80Wsl/FFQgTUZMmBgw0MbbP4SuAu3uEzDEiP8tLDUY9fwBm4/NQZecJ0mRHPsKqdCHbu2KQll5l4bQEysw5UYbrF4+MNcvzitBRbsDJs3ui/SLu3HoboKi+HONJ+lzeB6TYWx3M27PclT00XVIL1SVPsK9IGHdi0LxVELS8MxlA3YbTcR3Flpvbl4pjcfLx8mAdnVoyltsLsZ0vsGA/vqIP++Jh4n5/+guKT2UOJGvgARR5zbDPrgXZn9r8m6SoVQLLW3aQDn2Oq77JcmLpDEv8QRa0NeuIn/8LjXo91kKp7kdoV3s4YyCpCP87H7sUDOArsZ7HJIJ0QhNrgKD2lXf40CWQXT3OLbgW4xsU+PtOwuzdKTESlDVVIf75gVRhoZpR/S2yP2jnRmIiQgDtIygX9hPQZQjLOoS1v/0AsPm9EUD1bwBoIwaLTugi3IQTl57xCUAn3E8KTfHzH+OYZ5l9h5XgrKqKhdPmqhTvZJQVhiKpxIj8sbhTcDkURbQzL0hM0R4nSRF9SYGqCUU8dtNVe0r2jafGUqcSPmXGQjXLVdQq19HNFHPr1VShlZdPa6pSEB4bAr3mHF1VQKSuGqqrlY6HrksQ19jI5i0moBtPglg4he4ffw3zO3bmitzgk+W4l14TPwEF5ztsGTlEoyztMF8t0AkpAhnhPxckr/WYN4P32OsZTN0XXIRUSwDETc2Y9na89yJeAD+3rgFJ/wSFc8vgiwxBmHSWjCqqymUFEccvNyuw6Cnxbu/YxUXhsAEZWhqqOdqxMTw37IKJyIkiu/ttg32w9vk+d4ivHoWBzTXQ+1cPQuFbosvmhgPTx3EldrW6NykgG2vVRdGVblnhsUiubTiiZ9f5XMMq+bMx9wxHWBusxyXo8QfHE8KXDw+9keidjd0a1GcuUVlF09gyQg+vwlLFy+H3dhOaDP3JB4lpJaTydNSJHidwxGDjmitl6eXLTkW4aLK0Neq8qbBTgvG7cuhULXthJbVU/Hc4zDWTe4Bc8M+cPZ5jSj33zGiVRP03hUIKb/dzmzCcod1WL9oONrY/IAjgUm5tlt+cZQ9uV8KcdAFbFyyFA7LxqKN5WK4PYpFCuPKH53CqtnzYL/ye/Q17YUF515waTSHJeHRybWYO3sZHGb3RSObH3EuPEP+buUFJU6k3JOG3MWZ4Or4pqm+YjiiQCpQr8jX1PxQQQxXxVeCyP0IzlaZiGMPDmJCJU847/BAtLIKarTtgy46XDVhaYR6Qqsgn9T5wxo8/GYB1q6YjSGtknF+x3HcS+BahKyXcF+zAJtS+mLVb1tw0OMits3uiLpKatBr3wlNs9TQsP9kzJv/PYY2r654w0IxSOJj8AImMKpXnJ4BQXIg/jmnhrYN67zdO8CRJsQijKsSlB6cwiYnJzg7/QbHH6Zg9k5Ap4YKlCrVQJMefdC6Kvd9cn1v7oWIeJIIDeN6qCG8aaHb4ksnDYPXaX+otm8CI7X8EvE3lNUrcml5KcQT19hF3XDC1D9SMfiX37Dx0CVc2zEN7etqfGA8CSTP4HE6BJ3mj0KHt8fX8ldG8cQ3xoEH7LH4oRWWrVuOWUNbIf7sfhy4F1dOEqcE+HrcRpV2Dd9JQLMiQ+HD1Vza1YXEKSsSnpt+w45K32Hbj92graQMldrfYHC/Rlyk6aJ61N/YE94Za4+fxaEJteG7bSl+ieiIxfZLsHg9d+JW5zKW/+iKp/Isp6A44vvlFRP+Fy56hG/sVmP57KFo+foCdu33Rvzrf7B+3DawkSvguGID9p//HTPa1uXWj0sAPTZi4s9ZGL5uFZY77ccZp0loq1O+hlwpcSLlnBTxoY8RimqoV7Oga5mkEL2OQQqM0NSIb2TSERn6lGv1AuCR0RHTbU2gUdUQzZpUhfRuKKJUddFQXxlJsRmoXLe6cIVUMvz3/4LflAZhrJUqnl85Cx/zlTjrYo+eehUQdfkPLHa3wuwxzeTzq5Q0dGGupyFvbFgsd2aeVAtNDWu+xwHJVVBREUjWrI1aVYvRwAlkr57jYWp+yRZDRvwrREMDZv34Bnc+928h7NcsxfCOJtDle+pUNFGtUpJ8voWGgTaqCq9ElggJr9TQyKQu1OUFhW2LwlPXL0I8tw1DJKhSryYK7OsTvUakWBVGzQ1Ro8TjSQ0s6irWL7wL6zlD0JifX6XEJUzmuvLY+rB44vFzbP7ATq1ZWD4snyHtfJRNPDGk+R/Bj+uUMOF/LaH03B2nfBpgw4VD+KWnQfloxGSv8cI/M585cNl1kwQvr+2D87qlGNd/Nk5UHIVj++bDRoc/nipDr5EOsmJfcTH2EIfdq2HcqNYwMq2PSj77sHCzNsaPbaGY16lUBw3b6QO+PgiMySo0jpDmhwNLd0Fp4lC0VnqOKycfwvSPEzi2pjfqxT7F3dhYPLz3CLFZFVHLtClMa/Hrkono4ADEpT7Cff8YZKnUgmkrE9RS4d+w/KDEiZRzDNJMCVf9FCYVoQ8DIDG1RjtjvgEQhgoqdMH0sZaK+QYsAykiCZTbGEGHz1MkiXj1PANaOjUgn7XCVRQXDz1EfcMk3PhlM65VHQj7Rf0Vk4b5oUInV2T1bJfvUKE0JgIPoQ8TXQ2hpDiExriaFqoW0euRm0yUgHDh77dl94rURWODXD0UFVtg5paRMMz+CPl8iwqoq6P1pvcuIQpPk6pCX1tT0etQ2LYoD6SZSCs0oLikITQA/0qaYUBbAyiXdDzJhwr34O+sdmifz1Dhh8VTFmI9N2H+UVNsWDMYRu/M28pfmcQTkuB/4W8EGNVCyvVNcLpWBYOXz8UAs6rv9HJ9sWQpSAjLbzhLhpTEBC5tssKYBYswb8laHLhwEs7zBqC5du6TEAlE8YncZtdCj6FdoM8nKiwaNw+fxMtubdGkap6mvpoedLTSC4kjhlS/qzjsVwuGqdexZsNNVB2yCIsGKC6sUW74LVbONMZ/zlMwYsEB+HBJv4I6Gg6di2kN/bBp9Dgs3HePS6zKR59gbpQ4kXJOGVW1a3PnvXEIjRYJZXmkBeGfs7HoNLEHGlbkagUZfzVQClRtu6C1MDmVJTyDr78yLK2bog5fWwuVu7luDe4TuPrqhR+uR3GNYbwGrOYtxuS2bya7yl48wJVgDbTmzuRyV3UKWYgLC0Wich3Urv4+18YJjXFDXWi/Rz6iXFsPTbmzQsk7lZmQiMEAerXfXcsc8vkW1bnvrSX/3jzFxOc3PXqFbYtyoao29Ll2RvQsGvlfdyZCgIcH4myGoncjLg0q4XiC7CV8Lj8GrMxg8E7S/CHxxA/JHMXyTQzzd3yPtsUZohOURTxBGgnfa9x7paRAzWoa7CZ/g7rlrAcDyjWh11wdmRIpl7LkJkyUr6zPbY/C9mcyooJjAd2e6N6ymqIoMxz+HtHQbFA31+R8Rb2hysWdkUphcZSOF3738QopiFdri7n2E9C2bq79qFQLbRftgduvg6B+7meMmrQTPiLF2YSSVnssPHYMa4eo4cLP32Hy5vsQlbPciRInUs4poXKzjuhfORY33B8i/p0DWIygYzvhYrrgzfBEehzCnnE5iYUxasrrk3REXPsbF0wmYWF/I/lBo6jctWGioxhgYGliLjXTgEn7tu/0rBR8Vs6TIIHvYq+qhzrv0WBlN8ZvDXEUg5J2A7TUDcGjF2KhJFsqXkcmcRV0nUKH/hTzLXJPSGfISkvhquM3DWRh26JcqGyOTgMNIL12C//F5+16YkgPOo0/jteH44pBiivuSjieFL0T/LV6+XnfeFLMY1m08iVGOM8Thn6KryziKfvqPJi0RYfy1MuUm1INNGhZE/89ikCaUKQgnCDVqI2aVQpprrNiEOqdgMpdWsIkOwmSJ+OKP7Ox+Idwv1YXE8d8A21WWBxJkSbmTzTN0L6DqWLoLi+lamg0bDl2bxoNLb+jOOr1WljALdJojKG/bIbz8NoI2HIKXuXslgmUOJHyr2pbfLdyICqd3IU/b0Vx5+QC/moTtw1Y4dUJu357MzzBXr1AIHcWbMqdBfOTHcWBJ/CLSzU4/D4RFvL71MiQEh+DBOjmVO4qJq1gWzkBXrcfKZIzJsJz9/3YdvUllI2aoqtqrmX8VSzeLjh4K5ZrJoQKSiZBVlYynnt4wD+hGJWMvDFOhYqmOt5r2qWaKToP1cRFzyD5ZfI5uPWNDUvmlldH1coFVQsypCYnIhNG0FUJxFmPUK6ZFuZaQZmrlB/Iy1gh26J8nHjWRIdJs9BD/Rw2776VayiCixUuafrF3gdd/1yJIUbCDJ0Sjiemoocm3esBt+/BX564cclG7D0cOuiFBPY+8aRImhbOvAijUR1RNSoAPnfcccHNDaePO2Hhbj/uGUUog3iSqBigZV+DXN+XW+9Qd+zedh1R5SOgOBpoZN0N2hdu42Fqri8lnCAV2bMsvzWJBpo01n8z707bDFZmqhD5hii2E0uE/1FXxMyyx5Q2WlyQFRZHlWHSygqV8QC3/V/Lj1smfgb33XtxNTICdw/uwZlH/JV5aqjbqAmMlA1gWKcSWOwdHNx2Fo/E3Pup1EGjlvWh3MgAdSqVr1RD+WeO8DchZe4P542YM2+e8Ki0qEKrcQd0b5yMK7+txjavF3jlfwVHD3ogznQoFs/rAcOcA5shLfAM1p3yR4VKmXj+zymcfmGCqcsmw1o/e3J5JqJuH8Gf/+pjzJyuMOTP8NR0wNUf8N7qgD9Oe+H+nRDImvTDyC71oaauh6bN+WXrsOfKHVw//y9eG/bB6K4GUFPiXpsQgNOn9uOvs8+h2aY7ujXTBj9imK/0YFzYeRDnrl7BhTvPkJAl487aXyJDvzEMqxZnQIyr6AzVcN/RAxoDOsOYP4sV++HElj048fd/iObng0kj8TixFlqZ1swZPlHgGrrgK9h13h8y7Zbo388C2tyKSsI9sS93maZuwduioO9Vgko/ppSgrNUQNj3NkHL5D/y89SbCX/nj6pGjuPHaFCOXTkdPwypCz0gpxJNSZdRv1gASnx1YtfsyfK9dhMdrI3w7pjN01bg9Vqx44nvGjmHBmBW4GvUC3hdPweXYcbicOI0LFy/h8pVYtJ02BTYGiuSvYGUQTxWrQK+Rofz7rnQ6jfv3vRHEGuHbUZ2hr1b6DXLZ1FFKUK1bD9Xu78IVDWt0M9aEknw77oPrBV9uO0ohTcpCjabmqJNP5SANc8cfB0Nh+d14WGfvswo1YG5ZG+GHN+NEYBReeHkhzGwS7MY0RzX5WxQeR2p6ZmiUdRc7lv+BM/fv4W4Q0HjQEHTRr4CYu0fgYHcKISJfHN8fAqvlP2L8NzqomBmFu4fWYoXrEyT7u+JAQAssWzUO32irlaueQvqtOvJJlflv1RWJ/1FWXwRrNkWzAm++l4BbDkPx3bPpuLp3GPS/uBohDaEuP2H6vR7Y94stdMrZfJHPK6Yonr50ZRdPDJLQE5gz1RcDDtjD9j2HTUnZKV/9Z4R8NCVUMmpZSCPHyQyD7810dB3U9t2b/n0R1GE0dCU2dwzAH8eD8KG/Y0+Kg+KJFJcSVI0G49ctbeGz0Q3BEurT+FxRjxP5pD6/HqcCMDEigpJQ3awuJB6r0W+rLnYd+A6NK5Wvs+vy4IuIKYqnL8YXU0eRMkM9ToQUA4u7jU2jR2Lm4kX48bwRNm0ZS40c+WAUT4R8uajHiXxSdDZHShrFFClJFE8kL+pxIoQQQggpJkqcCCGEEEKKiRInQgghhJBi+jSJU/ozXN64AtMHW8DEcA5OR+fcy5mQLxB/rx4PHNhsh3GWJjCZ7IZoYcknw2Lgvnwalrs9gZhmMX7FMhDluR3z5yzALNtemH8+govWUkIx92VLD4X7/k2wH9uh/LbLJRSjH5w4MfETXHCejxFDxmLq5DHo26oZbL47huAi79HPqdQAPecuwtROdQHN2oX+lhEhJYNvQHZi6YozCM1MQvCZDVi69Q4Scg4e/ucyLmDjnNEYNnYypo7tg9bGNph8PLjon52Q36vHGuOmD4aFTPrevx/34WQQ3VqNdoadMJOrCF64LUAb4yH49U4cmFJt2NgvQvNL67Dx1qvSayy/WgxZUTexbclanA4Vc7HzN35dsgt3EyQQ+53CRocpsDE0gnnnIZgyeQqmDLGGuWEz9F3sovg5ijLBkOa3B9NXpmDU6l+x6cRx/NyjKl7cvoPgD14HirnS8X7xNFX+byKGdW4Ck1ZO8CmJHKeSEWzGT8S3ltXKrF1m4lDcvvW0hBPtMohR/qq695YWyA5PHc3sL4cziVAkEwWyo78cZ0FZQkGRYtmNZZ2ZccsNzDv7TfKQhrmyGRbdmd2NGKHk48hiA9jdZ2LhEfkcGNc3FP4qTTKW6ruNjV58jkVKMlnMZQc2cYsPE8mExdzytCdH2LT+DuxyZLpQlsVET06wNUcec38VU9INZtfImHXe7Fv813wUGZNE3WHHVo5hrRZeYC+eXGRbZ/fJ9fkylvlkHxvZbiW7EV82a/Q5KJOYSvVhW0YtZ+e5eJHFXGJLJ+xgvqJc2zjKlU2pb8p67QwQ9kU6i7y8knWp34KNOhzMpPKyUiZ7yc7Pbs86brjPfbpClu9m1rl+e7bo8iuhhCdhsX4PWGhazgFRiK8v5j7PeBLIItmVP06zZyUWUEK73GEz8yvp3SeLYX53n7M04SFjKcxv8yBmbLKUXS7RWCn9GP2AHieGVO+TWH+3NQZ10UP2/XCVNBphxI/DYFrsJDUdSdEiwNII9Qq8qW5F1O74LXo30RIef4xkPDj4G868ePu3p8nXIA1Pb17By9eBuBf8DA8ue0L03Be+0RnC8kR4H92N+136okvOzxwoQ8NsCJaOMs/z+1oFY8mxCE+tCnPdGsV+zcdRgkotfdSuUAujhraGfoNGMFRviO96mAifrwRV0x4YZ3UT+6+GUQ9ACZIG38axiGg8vBeE8Ac3cCE5FD6+0Tk/IC1NiEUYNGCgXVXYF2rQ6dwLvasl4e71h4iRl5UyURBuX5XAwrwe9+kKFRr0hMP2zVjQRVso4aT54tCiM3ieWZwIoZgrDe8fTwIlHXSfPQBGJTXphqUgLjyp6B8Vfm8MaQ+OYMnpUGQKJfwxYdTzB2w+NgddtEryw0o/Rj9gc8uQkZqCjGRv3AlM/PADQxqPl4+TCx3WqKDfBz9vnIkO2oX8XEGxMGSFXcHOrZkw0dUQysjXQx2mPYaioe9VuD9TRsuB3ZDueh73IrN/z12CVFE6RP/eQ+D7DGFkReGuxxOIhYfSmAg8RF00NqgulOSHi8VoH3g84iqnj8VicWvLbjyyWYT5Fkk4s/Y4Uicsxziz7B+P5SjVRKN2+rh97j4iqBUrMcpmXTGt0VNcuPEcaNEbw9Kv4eTdSO50kMft4+QELjnSholO3tpNGXVMdcpkKFf6Mhj3UmvBqG7O7+VzJ7imsO7dCnVzfk8uHeFn92OHmgF0NYrRHFDMlYrC44nb7GlixOUbTx8rA9F3b+ORWKZ4KH2NCL8kVG9igFqKkg+Up57LCsW5HSegZqLDpX/ZuJNT047obaGT0wFTIsoiRoWep/cii/+HOVqbMuOWo9m688G5hjw4klfM78pJtnOhLTOrP5u5RSnG4bICd7Je9XuydV5J8scsxZM5NOW7Hn1ZYuBxtrh3U2Zc34qN3HKfJctELMzzGFs/awCzrG/LnLxFitfwZEks6NwfbMkie7ZsTEdmNecEC4xPYYpVkDFJzH32l8MC9sOskcyqQS+25FIEywq/ylaPac+MTQazRb9tYM7HfVmudySfUNkM1RUli8V7rmFd6hszy2Hr2PlnyUI85cHFtvcRRzZl0mK27reFbKiJIWux0pOlyBdmsZhzC7iYn8ZcwjPlJQpCTK6cwaYs+oX9vnAwa1i/K3PwjGcyUQhzP7SGTbFurBiyTotgN9aN5mJ+GNt86Srbv2w4sxq+jwVlCtEd78Wch7Vjg/Y+fo+hHhlL91rHWjV1ZJ4pxRmK+fJ9+piSsCjX2dx6DGc7A1OFsiyW7PUb626xkLmFvRmsyLc+e/WM/Xd6K7MbYy3UoWIW5bWbzeHixKzPH8xblGvv51sfiliy7wnmOKkrtw5d2ZSVv7Pt1wPYc89TbOuykbnq1HQWfv1X9j8LY9Zw8EL2+4bNzMU3gSvPYqLAk8xx1lxm9/NM1sekJ5t/9vlXG3OfTzwNYlt8FbWNHNeGrlp6mcXz++uZO9vH1ReW3bcwv4zsbZ7Gws7ZsS5v7Yd0FuN9lDlMmsYWr13DFg1uxYxzL485x+Y0aMHGH3/OZMVty+UKrueYNIzdWDWOWdVvxYYuXMucnE4y36hn7JYrF+PDrN6drsPH9Ok/mP3KtWzdwmHMynoBOxyQwDJj/mOntyxj/+vE1ZeTXFmUJJJ57ZzLujRoyvptuPuebfrHxegHdfApaXXE0r+2YUI9P+yc8S1GLMk14VGlNpp17wnLelzyqmUEffmPW8qQ8ioCkagOraqqiufxwxqiyqiV7IGdZzUw3eUa9k+qgXu/H8D1aCmUarTGoG71kQgTGNWrpHgNS0LgAXssfmiFZeuWY9bQVojnzpYO3Ivj8lt+ct11rJ28G+LBy/HrpkO47rEFs9rXhbKeFbo34/Lcxv0xZf58zB3WPFfWS4gytDrMx+G9k6HjvQ2zu4/BUpfAtyYsMrE/Dnw/DTszB2LDrnVYPKUvGqpWQ8tGelCXPyMTcS8jINXUg06N7PMnKcSBhzFr5H5kDl2DHeuXYHLfplCFKRrV14CSihrqdByAPiZqQPMqiDp6HOG9VuKv8z/CStsM3dsbQHTnDK48SpG/m5KWMVqYNUUPC9336CpWgrKqKiqIYhCXXFaTkr92mYh9Gc79Pw73XHZg15FTOH18M1YdqYIVZ1dhoH4R9ZlPIjRbDMS3lpW5OlQfmi+OYfvDJpj901CoB1zAP0FCT2mB9WE8qjQfiMn9mnBPaoK+U+dgWhcTVG/SDYNaa+eqU9Wg174TmmapoWH/yZg3/3sMbV4dLOEfrB+3DWzkCjiu2ID953/HjLZ1KeY+GQkSYl9x/0/Gf27b4OzkBOcNjlg4YRmu6NVBVWQhPasuui3djp19nuLmY0V9AVSCXqNG0OliATN1JUW87F+E0TskGOK8BeuWTEafRpqAhTnq88s50riXeCKtCeN6Vbn6qZhteRH1HCro4ZvuTbi1bIx+U+di3rzBaF6rFpr06IPWVbPenq7DXsNn21L8EtERi+2XYPH6NZhX5zKW/+iGUGihxaiBsBClonpjdbzYdQABFpOwdHRNPDrgiaD3miD/cTH6QYkT/6EqOt2w7NgJbJjUDK+O/4jxPxxHcHp2S5OI8IBorjHQQ235oGImXj0PQSrqoLaWYmNnRYbChyt57CGD9fSeMNKoAeNmZtw+CEZolDK3w7m9lRgPVNZCtcr8ajKk+R/Bj+uUMOF/LaH03B2nfBpgw4VD+KWnASqwl7iy9hd42EzGmCbV+M0CDT1j6GlwK8ASEBb4CpWbGaLOB35jUt6pcRXMIvx14Q9MsIzGyUXTsPCvR4quci5+Huxehd+UxmPFuGbQ4Oug15F4mloHjQ20uFjjSSCKT+SS8wbQFSohJvLBn0t3QWn2QvyvMR+TEsRHhiO1WgMY8MPPlXTRUA+IDRNDOeQsPDQHYlQLE5g2boU2rfRRr2NfDK3sj9M3QxTzAjJe4L8gC3RqWEX+/u+Frl4tQ6l4HcXVXVr9MP2n2RjV2QiVUyPx8PZdeIfECfNWCqnPerdCg/oqeB2ZxNXQ17DrsgG+/64t6lXh605NVFHn92MR9WF28pbT4FVEteoqXHLPleWKBRYbhsCkWmhqWDOnMZBFP8Xd2Fg8vPcIsVkVUcu0KUxrZc+Seg8UcyUkHfFRcUC1Xpi8ZAGX4M7HvAV2cJjbF03k8ynVuH1kzrV11dG0mxm8susLLtLiHj1Bnd4tUUtJCpHPAS5eKmDWzyPQWN4uJiEyOB5VGxtAW15lZQ8x1+cSp+xhraLb8iLrOW49YsOeIbmyMerXqSh/DVQ0Ua1SUp7pOjKI7+7Fws3aGD+2hbyehVIdNGynD/j64JG0HrdmiYgUK6PClSO4YjIOEy31UEWVWzFtDQjV7vv5wBj9qDRCScMcA+y24YCdDUSXfsUvfz/nNj1HmowYrjGorM9tEP7LsFgE/vuY2/Hc2bh8EpgUCdEREKEmOk4fBitNRVl6qpg7+TeFkQ5/NpSJhFexQI3aqFmFX80k+F/4GwFGtZByfROcrlXB4OVzMcCMy4y5T830PwPn0yro0d5U6AHIRT5uK4HxW+OrhOTFTwjvj2V7dmOpdRqu2v+Bs+GZYNEe2LUlGgNHdoSO/OCUQfTiCQKgC73a2Q1KMqKCY6HKVQLV5M+RIPraYWx/aoMRXfWE5EqE54Eh4LOl2hWFozxLxMW5BFJpJwy1NXp7rL9qU3QbrIOQ03cRIuUayoB/8bBHZzTMfm2xcOsR8gQiS3MYfFDNQt5b9gRbszqoocyfwLVCjwkr8NvUdGya+CvORUm4JxVWn/HvIeIam2Su3dJD/7GduIZNiuTYGIhzGqwiXs81VmniVKBKRajm7PYMJL/m3lOHWy81RaFiXp7+W3M/lRt+i5UzjfGf8xSMWHAAPrHZF1EUF8VcyeLiKSwBaGmEejnHvhIqd1iELYO4M68cSqho0gym52/hCT/Rn0Xi9tVqGNKpLpTYS1zfdRChgwehi44i4YEoHI/8AXP9WlxazePa5agIJKvWgTaXZCuKimrLi1PPZSAmIgwwNXp7Hl2GCK+TKqCujpbi4gUWjZuHT+Jlt7ZoUjVPaiJ8HkuMRbhEiiQuiRzTTYf7PGHbcPXu+80v/7gY/ajESU6pGhqPnojRmgnwj0jgNj2HpSMlVgYtnRqowiU1kuDrOHr1NZfdVYG6fFKiBIkxryBV7YheVrUVG5slIvi/YChbtUXzOvxOUzREObP7pZHwvfaUi6EUqFlNg93kb3JNcMzAC5/bCIE5zOvnmgCWLY47q0qoAoPaVUvgC5PyTkmjGUZPHQQN6QtExKYi+s4NXJc0QguTaooncJXHnfPXubMuDeHsnyNc7FClXk3Ip+JylcDdC56QWDWFiaYi6lj8A1w4xVUgmpWR80P4CVF4mqQMneFd0aJy3gO4Biy626By0L94EBYNn/MJ6N/PDEK1V0xJeOr7HJY9W0E379uT0iFMsK1sWg81crZ5ZZhaWqG65DauP4groj7jSJMQEySGcqde6GTINyvpiAzlnp/dg1TU6/PWn3KKRkbZXBe15GVZ3ONQJCpzyVj1XFGlVAttF+2B26+DoH7uZ4yatBM+ovcZzqCYK1FZMQj1ToCGce54KkDlBmjd4C5uPhYj7cFZXG5uizZc/cOifXDhSiYsWhgp6ieupY6/cwWnU1W56khNSHiEXkqN2qgp78zgFNWWF6ueU/RaKRvURvXcDbB8uk51mOtqcaesnMxw+HtEQ7NBXby5jl6EV8/ioGrdFEZcEiZNeIVgbmn7Id/AkH8vYdu8/2T2j4vRkskjsiTIlJphYBtDxRmz6DUixcJl2dyGdXe5C1VTLqHJOYjTuCw2CmjcBCY1+VcwZIV74uTZepi5yFaxQYSGqKqpjmIjyncgd6Zm0hYdcs6qsmVBlBAv/P0uxaWcb19dQkjBuHiUSCDT7gAr0wqICuVvgsmducsbJob0R2ex+2RErmEQTlYaxCINNNWrqagEpLEIvctVMKqqULRnYjw6eQhuqXjrIFcMWevCplV9xVnXWypA07wV2is/gfflEzgl6YjOdd8vbZJXYn83xIgu9emkoawkRCM0WVlobLJJkfw6jmuaakG3pnoR9RlHfrJXGY1tmgsVu6IByRkyKer1Qk/BW1ctC43Mm4ZJmDtTVQ918p6ucyfEjYYtx+5No6HldxRHvbhYLiaKuRImb09V3/TMFKo6DJtn4MD+ndi2S4RhAxUnWtKoUNyXVkBFVWVFrKQH4uSuc9zJX+6rgIVeypxhOU5RbXlx6jkhFt9OiLLrvlztsvwkUvFnNhb/EO7X6mLimG+grSQk+mgMm5Z8bxNHfqxVe1PvFtPHxuj7vUbqh21jV+NCqIhrPhSY+CkuOG/Clc6TMbaNsFkyUpDINTxJieHwPbQPvtbj8a2e4qwpxs8dt0PD8SIgBqpm3JkPtwZM/BBHfjmDar84YpqlMGckJR5R8epvuhFVDNCyrwFw+x784/mzHynEoe7Yve06opg6jJq24ALkAW77v1asG1dJ+Bw8htsJUuFSTikyuXUSh97GVb/4nPUnXzep3w6McziP0JzbEPBxdREbf72NDotHcGdrlaFjZModlAG47ROKKL9T+P2UGoZOMeeem4Xk7HiSH/RcxcRi8OBvTzxnXIXQpibgew8PwsLg57IdrjV64Tv+EGGJCPXwgH9ChjBkbYxG9fNP6pVqm8HSOBan1/ug+Zi20HqnhSxMKp6eOYGgqePRM7t7npQ6WWIMwqS57+fFX7jijq3O51Cp90QMs6hWRH3GPYp5iSdco2ZhWltRScv4xicFVRtVhejaVTwQ6Rb6esUQsAzVamq+aWxTk/E6QwsWulL48TEqkXINpYh7bwmyspLxnI/J+EjcPbgHZx4lcWuthrqNmsBI2QCGdYQJ7UWimCtpiuGpfO7hxO/zwCNY+VcQhJsJcNSga2qG1JNnEN5/DKyFhFhZxwitlZPhd9sXYVEPcOK3y6gxdAiXZnHvnxyCf64+RAITeilVpYh/cAUeoWlFt+URVYqu5+LF8iRflsnFmfiZ8FkyLhwTuRMJI+iqBOKsRygk2mawMlOFyDdEEcPc6/2PuiJmlj2myHMLoUdMsyFMdBVRrTjW6qBR9Thcv+Cb65cgCvPxMfp+iVOFKqgmOYrZXdqhy5CJmDppCLr1W4V79RfDbfNQGGUPptduhb621eG9cRP+rjYY0zsYQkNLHcpPPXD9mRZMayQjJFAMPLuMvevsMO+nS6gy81esHmSG7MNTMfm2Bkzq8ZPNeDXR8fufMa3pFczo1h/jJv8AJw8ldP+fNXSUuLO7LrOwbaYBrk0fjuHfjceEH47hVVtbfMMFjrKOGTrVDMHO0cOx0C0J9Rtkvyf52lXQ1IRkz/fo0aIrhk3ifxqjNwbY30f95QewaZgJl4yroK71KMxsI8LJmWMw73RFDJ83CE1r8sN293HtlgQmfDypVUF11Qw8vXYLr8ybo76qLjpzcWiZdQyzBy7FGbX+mDuoJWpoc2drt27gNvRhVF0mXInX4M2kybyUa8GwhQ4MJnyHAfyZXrFxlWrAMazxaIfV45u/O++PlAKZ4ucxdv6Nx0iGz44l8p/GmDLEBk36/IG4Hmtw+LfBQj1ZWH0mRfKriLcn6TLuxI9rxyrc88Q9zSZoplW7kNdzz5cn8nluxiqVIEOSO0bVoGPeDDWStuF/vZfALaUujLTUoJLuDedx32P57yswY+kddNy+CuOaFef+QRRzJUsRT85bT+K/XPGk+DcZ42zbomWfQ1BvICTXchWgodsAzQbMx4KeujntnFLdjvhudjtkHZ+LwXPPo+LwKRjUrC5qIQ63rz4AM66P6koVUTm7nY42gKUhtweLasv1jIuu52rWg3lnAyRv+w59fjiDFAMD7rMYF46ZkCgH4dq11zC3NICqsjlGOa+E7fM/sGDxavzq+Aeu683FphlWwgmjGNHPY96+ACdLgjQk4L7HI2i2aliME8uSiVEl/p4Ewt9lJ/0F7gVXRutm2gUkMAypt1aj/biXsHPfiKH6BTQq5ItnYmiEp89DhUfkHZJH2D/tBOqt+xE9in0j2AzEeh/BL7tSMGTFFHTMuRv614Fiimse/Lag64B/MPbCPkxpVBYpTPmNOYqn8qLkYvT9epxKSqX6sCowaeKlIOS/B8jo0Qsd9ChpIl+rdISfO4nQUZPRvdhJE0Oaz1/Y8K8+5vw246tLmggvE5FPHiKmbR/YmBR3iO1jUMyRz13Jxuin6XHKlxTiiOdIrG4IXck/WNFnP/T/3IwpjekGAuUZnc0VhO9SPoLV1xrip9lW0CyyC5pk+zpjiiEr7jmeox5Mqj3D/v+tQsz8jVjYthZNS/hIVEeRvD6fxIlF4cqSsVgW2Rw2VaqgydQ5GGNZu2R/w4Z8dqhSyo0h028b+g/YA5WOVrDs8R1mj2kN7bcuMydF+TpjKgE+TtMw5nJNDGlWC7oDpmNKR12qP0sA1VEkr88ncSJfJaqU8spAXHAwErRMP+xuzYRiipQoiieS16eZ40QIKQD/8wkf+BMXhBBCSh0lToQQQgghxUSJEyGEEEJIMVHiRAghhBBSTAVODucnxBFCCCGEfI0KuiiAepwIIYQQQoqpwB4nQsoCXepLShrFFClJFE8kL+pxIoQQQggpJkqcCCGEEEKKiRInQgghhJBiosSJEEIIIaSYKHEihBBCCCkmSpw+N0yMCJ+L2Dp7J3yyhDLyZcqKQ/Cto1hufxbRQhEhH4ziiZDPwvvdjkAWDvedx3DN0xV/3amLwdM7oh53MAe630WC5XgsmjUMbep+HT9OysT+OLwtBO3nDUC9UFds9m+OuUNMoSpfmoHoO6fw16XnyNJUQnLATVx62hEbXBejo5ay/Bn5S4S/yyGc/+cC9nh2x1/35sNCRVhU4jIQeuR79Dlshl17+iNs7hj8UX8t/l7bE9pKwlPKQKlf6vupYjb351ZaBM/dg1BXWKSQDB+nifix4nL8/X0LVBRKyccr3ZjKQIT7EbhcvYa/DgWi/rAR6FCP4XXAbdxMaIHvFs/E6LY6KPHDtsh4IqWl7ONJURswUSQe+d6FR9ZEnHWdAFPq5vh88InT+5GwKNfZzLjlBuYtyS6KYDccvmUN+29lvqkyobA8y2SRruvZVl8RY7IXzO2nP5lfRvb3lrCYm85syW5fJsrZFFks3s+HBacVb9tIvDcwy9zbt5TIRGHs/t4lbP65cCYK92L7Zi1lblGl/KF5GNc3FP4qTZ8qZoXPneTKooSSHMk3mUO7yezws3ShoCSksaC941jD8cdZ2NdwGBagTGIqypVNqW/LnLy5OkAunUVeX8P6mYxkW3yThLKSVkg8kVLzaeIpWyJ75P2MO7LJ56RkclgVXVhPGIV2ASdw2idRKCzPspAYG4GQm1dxNzIWMY//w7Xz9xGdxbgzwxCc/zUIrXs1gkZOz40ytJq1gkmlMuzKKQYljZqonKWJ1o20oVFHA5KKLdG8dql1cX1ecmL2KFzuvBYKy0oWYm+ehot5T3QyLMneLjUY9V6AHQusoZMTamIEnzyO2wlS4TEpHWrQsRmB8R2eYPtxHyQLpYR8nGpoaGGESsKjT4/qE16Jdf4p6RijRdUEhMemCCXlWSWY9huEOncv4f4rAwxa0AD/uXojMp1LnFgGUl5HIvSlCJ/7LdlZlCeuagzGYKMKiLrqBc1pfcH9+dVQxKwIrxLThZIywiJx+4w/ug7vAL0SzaWVoFK3BTo3ry0MFXEJmudWLFjsidgM+oGAUqekjQYt6iI1OhGpQhEh5QfVJ9lKrplMTcbrDFNYmSvD32Uz1s3uC/NWv8LdzwVLbJvBxGo1bolkYOIQXNm5Cssdf8X6ZRPQd8B8bPN8ye2SbAxZUf9g49wFcNiwBouH9EDfsZMxddIYzNz6F445r8Jc7v1ab7jKfc4y9DU2QTsHT4gghTjoAjYunoGpkydiWOfW6L/KA7FMBrHfKWxcO4d7bh843biHC04z0NXYCCbGg7HqRgTSou/ggN0ItDbkylqNwa+3XhWR9HANlE4XLNq/DTMttKHdYR727Z8OCw1ucyobouOoStg98wf85uaLWL4XKg8mfoILzksxffIUTBlijUZ918MztpCZ4CwZwec3Ycm0Kdx2GAIb08FY7cmvIz8nKr9tPQPrt6/C1M5maDRkMba5h0MmH0vfI39uc6GM6fTE7JGNuDRQFTq2kzDCTEP4wK8DS36NKHnM1swu4WLvJrYtWQrH31dgat/xWHU+BNlpVZH7jSXh0UkHjBs+B44bNmC93UIsP/hAWPiG7Lknjvl2wrBOWnjpvkUez+a2c7DexQ9isR9OOE6BjWE3THX4E+4RGZBFuGOHA1dmORbLd+zCrnyPATfczIkFJ8WFBdz6hD9+AZE0AOd2bsTGg3e444FfgwxEee7E0sWO2LByGvqPWIMLoV/DCU8pYyl4HZUKk7Zm0FYUFBpPBR/XgmLGEymvxPBxcsTpaO5g5uuFdXwbZoI2Yx3g4peoKNuwCMMa98XcjTcQIeNekvUSnlvtscRhHRwmD8Yox/MI5U/o5bh4jPXGUccfsNjhNzivnY8Jc/9CoDiNaxv2wsluLNoYzlF8nry9yFNWYH1SRJyXR8KQ3XvIZ76ILJEF7JrM2s85yyKFuRXyeToNerI5O26w0PhI5v33vyw8PZi5zFjEDoekKp7Espjo4R42vlGueQGZgWzfqEXMLTJT/lCW/C9b39WWOXi+lj9mTMS8N9gyM+u5bOeNEBYf48P+9gxnkjBXNqOXM/NOV6yA7NlhNrLBAnY+Jkv+mFsh5tTSmFlN2sJuPEtmMn7e0Y2VrG3L7my8wwnmG8PPNUlhQXsnMLMBe1mQVPGyDyETBTCXRf2ZWX1DbjsNZ3Z73VmoSFgP6XPmNn0cc/JOVjyWPWWHh3dmc85FKh5z3p7jlM7CXBcw2w33ub8Uj0MPT2Rms86xGPnjAra1lJ+HNZc17L+LBWZmT3jhX7uUrfNKEB5/ep9sjpMsgflumcgGOLqzmOzNI4+9BczlBT+jQCaPqbmth7H1Xlz6XeR+S2XPjs9nA+wusUhJzhuy8OPT8sxJETG/zcNY+7VeXLTxpCzZcxVr25WL3ey5VtJgdnhEVzb33EtuLXgyluG7nU3e+ZB7R17+xwAfsu/Mj5PPnZida+6ajGU+2cdGTzvBwuTrmcbF10LWts/vzCteiNEv3KeZk8LVZdw+Gtl/HbsZI2zrwuKpyOO6uPFESlvZxVMrNnThWua0YYPi39ol7H+d5uU6dtNZ5LmfWFvrlexyJB81fIw4slWXufZPvpxvv2ay6cdDFI8lz5jb7J6s37pbLJ4LIZnIh20d/xNzCxNmTMki2eXFvdigvY/ldce7dQUnb1l+zyk0zsunD+9xSj4N5xVr4ey0FnZT5mNXxggcWt0719wKTtXeGP+dDQy1dGDRrzXUru3Aqio9YNtAXXiCMjSa9MeEwZHYxGWvCVyJ9Kkn/nqkA31txfVpSpqNYd1TitN3n+fqlQI0B47DRJsG0NJuhX4d6iE9Ngm6k3qjsZpiBZTUK0NTKkGmNHePjxlGzxwHGyNNKPHzjho2R/OERvh2ykA01+bnmlSGUfPm0AxLgIjP3j+QkkZjDF3vAs8z27C0L3Dh5wnoNWIj7vDjwqlxiNUdiL6Nhd4dJTVU0QTSMgsaM05FbJw+vutrDsVsGGVUqqwBaVom3nrFW9u6HfQqqKKu9UAMizqPS/4ixXNYJO57G8O2VTXF46+N2BNHNzrBed1STBi6EG5VpmHH0s7CVYQMqT5nsUe3N7oZKCHu0U2cu/YY6QZVIAqLQXpR+y3VDy4bkjHiO2voqGQfBEpQUc1zvVxqAC4cAsbYNuGijVcBmha9MRKXcM6HPwI40gykpEbj0pm7iJaHbwqeeMahV+/sqzYV3j4G9IrZfZyEB66XoDukE/QRh0ceF3H9SQr0tcQIj6YBpvcTjVt/bVHUgeNHY5ZrFczfORcdtfmB0iLiqajjurjxRMqRuugw6nvMmz9f8W/JT5jVN3ddrQYd23n4vdt9LPt5Hy65/oE/4vpibnc9xdB8qj9cd1fH4O71wQUcPM564ElGDWiJohCdnoGIC7twpNEA9NAXZkwp6aDHuotwnWD+EUNPRcV5+fTh26vqQMxbuZTbwUuxavceOH3fHUYahV9qH3D7LlTq1QTX3uRSHQ1bt4Dk6kOEZmdG4ki8Ssh+IIUkQw3N9LS4qqUgFaBhMR7LhnGVkDgMd902Y/mK/fARln4aatBu3huTVx2B+40tGItDWH7kITI1LDHZbjBM1VIQfscVG+1X4YB3YcMkWrCYPA9DzdQhDr8Lt40r8fMBL2FZ4ZS0LDFoNMOeo3cQzxgkjz3gZWmDJhVzZ7dfEY2OGDl3BoaYSxEYVgdWPVuibk6jlI4XfvcR7X8Iq+234twTGQy6z8K2k3vhMKwx1IvYb9IXfrie3gQN9Qub7C2D6MFVnK4/CLZNcw2Lqpuj22B1uJz2lu+nNP9bCO8xEdb/XMKtiEx5snUx3ALWeiXQaEoj4ctVbA/3r8HyTecQxAzR7ftNcDm0HEMbvX1kkqIoGrpZQxtC/DAedaw6wyLn1hZFxFMRx3Xx4omUb1XQeOwkdKiVq+VT0kb7eT9h2NPfMe+0AWZPbplzEZI8ZqLu4+AqB2w++wTMoBtmbv8LBxyHoJF6Eh7fDUEjc13hhK2kFBXn5dOHJ07vLR1J0ULPR34MtKDJrY1yw374YXAAtm67jFBxGmK93XDi9XAssjXgzrcKwUQIvbIJCxwuIbXFeKxcOR4WwqJPSxkaRr0xd1F/RD0IRTw/Fyv0CjbOW4uLaS0wycEO4yyrCM/Nn3xemPNPcLyQipaT7PDzuHbCkqJURctBw9DU9RSuR8TB//JrdOthWJY7/TNUCfr9ZmNll7tYsfIMQiXZPZJSpIlFUG8/FQ6O8zF+kA1a6WnkirnC9xtLEyNOJkHWWz2cebBoeB67ieYjO8LwrZ2ggSY9+8PY9RxuRkXA83Qaeo0fiYHdA3Hw4iO8unUTkn5tS+b+WiwdKbFa+GbGcjjMn4CBNi2hV+gJDymKir4tlji2gYf9BriFpgmlRcVT4cd1seKJlHNc26Grj1o5J3c8fi7vffhI66CKvw/8ozOEciFmKnfCNMefMW/CINhY6Oe6sjsTqQnJiE1M4U7fSlLRcV4elWEbWhNmbU2R6O6H0Lf2nAQJsXEw7tkK9fm1UaoLm0ljYCoOwPlde3E+vCHmrh6FxoVW7jKIffZhzmZ1TF09WT4UhywJFyplj4lj8Uqcd9hNCWrqGqhjqoOqYh/snnUYlaf/hCk2DbgmUwqJpLBQTsCDXfbYWmUcVk21gaFGBe6rFf+bVTC0wf9suQb4wG64ZXaEtXwY4SunYoDei36E7eN1WLrrP4jlbZM69M0bIc3jPh6n5dNYFbHfVPTN0UH8H3yfZTec72IRt3D8ajMM6FDvnYqlgok1xnR4AJctm+FWxwZWVeuhw2AbhB7dgd8va6K3hZbwzI+kogPzjun45+4zFLym5P3wQyizsbZvEJYtOQA/+fFfRDwVcVwXJ57I14afhH0Zvx2qDvu/XbHzf2Gwt3NBkDD5Wx4zqd649zi/Dgq+/TVA4A0fvMjngiU5tSqonnsuQLEUFefl04cnTu99NqSOhv3GoX+ECw5ei8iZr8QS7uPUrTZwGN1UcfdkFo7zG66i/sjJmDl/JpfBfsNVKkWdEacj1Os6Hqmpgk/Os2LvYe82N8SoBsE/JIkLt7IjC7+IjSefCI2xAhM/hutJEaYNbw61Z3fhGgBUlK9oDHz27ITLqxQE+D9Hcn4rKg2H18lAVFRV4RrbDMR6H8F2lxCoBjxCSHLeBC0fSjqwHtMPcbv8od+vWQl30365lLStsfD38Uj/fRnWX+XjURm1vumHEcmH4bzjtuKeXBwmfoqLB68g+MmdwvdbrVboNzQWu5yPwieWPwvke6hu4tTZ7KugMvD85mUEjRwozIHJQ0kPHQa1gvfR1+hg25A7FiqgqmUPDEu+iSdmHdFM/QPP4ZQrQl05DjEJ2Y1ybbQb0guirZuw0ytKOA75db2Kgxeecacx5INwJ3zWi1ZiZvoOzFt3DVFZFQqNp9D0sMKP6yLjiXwduP0eeA0eL7gYkDzFccf7aLd4GBpr1oLFdDvMTtuKRdvvQySvg1rj29Fi7NhwAF7ZPVH8SMzF47gQymDSfSi6PtyONTv/fSseL53xRgL/sJoBmjT2ww0v/ip3/gq8/3Bi12k81Xr6ph19pz4pvN5806Nfvij/zBH+Lgb+0n43bD14Hv89CkFCajIytMzRuM7bt+fiL5/eufsEPL39ECt+8xwlTWN07KyOW+vt4ez5HK/8PXDepxL6Lx4Lq5rZqW464nxPwn7JSmx03og/uH9bTt1BeFIVGDbVQ9rtQ/jzhAceeL+EKCkLNZqao05FVdTQVkbQjuVwWHcY/8osMXHRbPQ3eYKNy+5Cd6ARwg/tw8l/bnOVkAhJGTXQtP4rnNlyCBce3EFIkggJFQ3QUuUBduWz3u+jgnoWnv35E+b+ehZPwkPx3xUXuNzKQKupU9HXqAoq1KgBzeC9WL5iPQ54ydBq4nwsHmCAR04bcFuvO7qqeb+9DjWt0NnkJXYts8ev+70htRyLhYsHoEHgViy/XRf9G4bj8J+FrbMSVKtKEBZmjNHjmkHzA9vf0sLv3znz5gmPSkOumA0MwuucbVQZavWaoLX2A6z/4QAC0ytBr10P9OumjYB99pj/4xpu3Y7AM1kX3Uf1QXOj2oXut+7GOmjQqhEqeG7CgoVc7O7/BzE1LWFtFAe3g/8iMekofvrtFSbaz4W1Tn7zVpShUVOGZ+HGGDOmqWI/qVWFeuJr1Ov/LVpqZSdb/GXCB/M5BpTyP+749Radxk8bXeHn44PHqg3Rpas1Ouo+xv4l82G31gl/7PdCko4NRg5qimoVPrMA+QClHlP8ZeDyuuMBHr8W6pMmdaCmVg8tLavh3tqfcShQDDUTW4wfqptvPDWtXgO1NEMKPK4H9miJpoXFkyQVqgaNYViVepBLW1nHU2LIA3h5/Yt/zh3Fvi3rsOywJob0y8IpxxXY8EwNOtCEoYUhNF4FwP1fL1w4chb+r2XQMm8L6+5toRNwAD/N+RHrnTfjgGcydLiEaVDTGlDVagibztXg+2d2PB7C1dg66DmsG0w0uThSqg5dgyQcXzILy9YexLVEffSftQDfWcZg+w/XoNXfBqa1tfLUJ+b4pkkztOlUK/84r1Y+4/P9fquu1PHZtQtW7UtEt4lD0KWRNlT4H7b08cYtl63YrvQ9/l5Xtr+l9uWTIMptDXZUn44VNrXfGSL61Er9t+rIV4diipQkiieS1+c1T1j2FCd/vIHmMyaiB5808WUqtWDaphfGzx2LhreDEV2yM9vKPZbgiW0HtDGkvfZnlzQRQgghX5rPK3GCMlTVE/EyJuXteUn8OO2dJ6gxsytM6QKg4ssKw8U1fyB2XF80/VpvQUAIIYSUoM9vqO7RaTit3of7Wq1h00ATSpkJiIyrCKOuw/C/3ua5Lq8kBWNIDz6NX5b+gmOSiXA5Nh3NP3RycSmjbnBS0iimSEmieCJ5fWaJE/naUKVEShrFFClJFE8kr89sqI4QQggh5PNFiRMhhBBCSDFR4kQIIYQQUkyUOBFCCCGEFFOBk8P5CXGEEEIIIV+jgi4KKDBxIqQs0BUrpKRRTJGSRPFE8qKhOkIIIYSQYqLEiRBCCCGkmChxIoQQQggpJkqcCCGEEEKKiRInQgghhJBiosSJEEK+BFlxCL51FMvtzyJaKCKElL33TJwS4e+yEfZjO8DEygHuCVKhPK8MhB6ZDHPDbpjq8CfcIzKE8o8lg9jvFDaunYO+xmawmeyAHe7hXCkhBXkTs+bDd8BPnDdm+eWb4Di5FxdPa3DCL1EoJyQ/GYhw3wsnu7FoY2iBYYvWwdlpLewnD4DNEHscuBOFLOGZJUoWDvfd+3Bg2yYciSqVTyCfhKJNc+bjyXgstnH1z9v3BxLaPIcpsOk8Batc/CAWlpBPiL+P0/uRsXSvdaxVfSs23fUF9ygfGf+xLd1NmXH92cwtSiIUliCJN3Nq2YpNcQ0XCsiXyri+ofBXacqO2aas37pbLP6doOWXO7HvKZ7KhTKJqShXNqW+LXPyFgkF6Szy+hrWz2Qk2+KbJJSVNAn3sbOZ8SRXFiWUkNJXJvGU7sXWNTdkZn1+Z17xWUJhLvzymbTfPxcfMFSnBGXVitDUyoT7XzfwVJL3/pkMaQ9v4rZKfVQWSgj5tPiYrQzL2d+hscsKrL0QlqdXgF+uCmXhESHvTw06NiMwvsMTbD/ug2ShlJBiUVZFxdZTMbfJBcxdcwlRWXnaVX45Taz5bHzgrlBFs2lTMMDfDef8RUJZtgT4nHuFPhNtUFEoIeTTU0Jl48FYutkWgSt+w/Eg6vAmJUxJGw1a1EVqdCJShSJCiq1yI3z740oMCXDCyuOPkS4Uk8/PB+ewynU7Ycj4TBx19UZCruSYxXrhZPw36GKct78pA1GeO7Fkjh3Wr1uGqbY9MOZIEAqaJfXemAihV3Zhhf0qOK1binG2QzBv601F5s7PD9j+m2Ju1uS/4HPnEOyHtJHfSt+k1Rj8euvVm3HlrJfw3GqPJQ7r4DB5MEY5nkdoevbSUv4OpJQpQ6vNd1g9MR6OC/fCR1T4nmPiEFzZuQrLHX/F+mUT0HfAfGzzfImst+a5fA8XH08csBuB1nw8GbbBiF9vIjYnoBiyom5i25KlcPx9Bab2HY9V50OoUiyPWApeR6XCpK0ZtBUFhe57Jn6CC85LMX3yFEwZYo1GfdfDMzZXXyhLwqOTDhg3fA4cN2zAeruFWH7wgbCQlEdKWm0xY81QJKz4GTu8E/LMd3ob1U+fkDBk914k3pvZHNcwlhm4iw0wmcvcIjOFJRks7Lgdc/R8zT1nA7PMmeMkYxkBu9jQxZfZ6+z5JZkh7OKVEJbPaG7R3pnjlMqeHV/CZhwOYtlrIhP5sl3jOrIBm324pTxhfkCD/mzx4fssRsKvSAoL2juBmQ3Yy4Kk/HP4xzPZ9OMh3LP5lzxjbrN7CvNiSvg7ELmymeOUHbNCvGQGM5dp1qyL/TUWI+zLt5bz+OfMWMQOhyiih3F7WfRwDxvfKNccFvk8l6asz6LDzDsmnSuQscwn+9jIBmPYvqA0xXMyA9m+UQuYywv+sYxJwlzZ3NbD2HqvWO4RKQ2fZo4TFx++29nI/uvYzRhhXmdh+176nLlNH8e9PlnxXNlTdnh4ZzbnXKTisbxOm88G2F1ikfK6ipfJwo9PozlOZaxM4olv02Zl71d+389lVtaO7EZ2LL21nEP10yf1EaOmSlBt2A3/63AHe84GQcIXSYJx8UId9LHQkj/jDRlSXoYgODoC0SnCWb5qA/Tq3qBE5pWw2BvY6KCEb20bQFUoU9JoiuETuyLU+Tg8c1/91+U7zB9tCW0VJe5BZRg1bw7NsASI+EvzUv3hurs6BnevD8Q9gsdZDzzJqAEtURSi06Wl+h1IGVI1xqAVi2F1wQGrT4fmcxVUFmKv7MCqKj1g20BdKFOGRpP+mDA4EpsO3kGCUMoFFKYuGA4LbTXub+6YaNAMbavGI0HEvytDqs9Z7NHtjW4GSlxI3cS5a4+RblAForAYOqv74kXj1l9b5FfV2Y0fjVmuVTB/51x01FbhlhWx71PjEKs7EH0bayjeSkkNVTSBtEyhbkn1g8uGZIz4zho68rqKpwQVVZoAUf6pw+jbBVjZxgOLHc8iPO98J6qfPrmPm26mpA/r4R0RdPQq/NOkSPO/gTvfdEEz9ewDPZsyqn8zGgsq7cGApm3Rd/JybDvji9h3AuJDyCAKuIPrKrVRUzN3ClMBVRu2QjuJLwJC04Sywklf+OF61H0cXOWAzWefgBl0w8ztf+GA4xA0Ulcpxe9AyhbXAOn0wtLNAxDy0y84/M58p0QE3L4LlXo1wbVluVRHw9YtILn6EKHvZlv5SMcLv/uI9j+E1fZbce6JDAbdZ2Hbyb1wGNaYqx7Jl60uOoz6HrOGNoT4YTzqWHWGRV2+geIVse81LDHZbjBM1VIQfscVG+1X4YB3ivBaoS5Kb4KG+tnvR74qKgbo/eNKDAv5HfaHHuVJYqh++tQ+cp6+CrRthmJi6ikc8wyC37VE9O9nltPrk5uSRjOM234BN46vxv9ayfDvb2PR94fziProvEOG1MSEQiZj1oCWJn8GWDSWJkZc5U6Y5vgz5k0YBBsLfWjkygFL7zuQsifMd5qVhrUL98I7MXdNk46k6LwXPeRioAXNYh053MmEWAT19lPh4Dgf4wfZoJWeBpe2kfJERd8WSxzbwMN+A9xyTtKK2vdSiEOvYOO8tbiY1gKTHOwwzrKKsEyoi2QSZEmpcvlaKeY7jUXa6pXY4R2ba74T1U+f2kcmTpzKTWA7thbO/Lka2+LbolPd/NImgZIG9Nv0wsjvV2H/2U3off0S7r4qVmpcCC55M28GkwRv+Ie+nZdLE2IRZtoeFvWLd9amom+ODqneuPe4kKAsle9APgml6mg+5Wc41juJhT+fR6ZQDNSEWVtTJLr7IfStu6tKkBAbB+OerVC/WEeOOvTNGyHN4z4ep1EDWH6pQcd2Ntb2DcKyJQeEm6wWse/FPtg96zAqT/8JU2waQINrxCSSN8Emr4vE/8H3WfF6y0l5pAyN5uOw9hcdHF7wC07L58PwqH761D4wcWLIkEiFDFgDTQeMRLt78Wg8yAo13kpXMyGRD2Wlwn/7bzgdmX0HcQZp4mvENrNE45r88FoGon2uwSM4OVdWXXzKDW0xd2AU9h/45839L1gsvE4+RLdVw9G0YjFz6Fqt8e1oMXZsOACvaGFd+av1Lh7HhdC4Ir4D+bzljtlchPlO7dNec01XNnU07DcO/SNccPBaRM4cKJZwH6dutYHD6KbFvNWGMmp90w8jkg/DecdtRAuxycRPcfHgFYS+cw808sVSqgvrRSsxM30H5q27xtVDFQrd98FP7sA1AKjIz1/KioHPnp1weZWCAP/nSOafWqsV+g2NxS7no/CJ5escvofqJk6dpavqyq1MCd6d+SHMd+qggoic83Oqnz415Z85wt/FIotwx87dx3D6ZjDSEipC38IQ1appQS1BDZbD26GOMoPYzxXbDp+DV2AAYkViJFQ0RFudQCwftxyng8IRfuccXP6riXE/jUDzaircmz7HmQVTsfqVBUZaG3Dnb0WQRcFr1xnE2oxC/4ZVuUqrKkw6WUHz1kYsdrqB8FcP4XHeHxUHzMJ3VtpcePC3rXfD1oPn8Z9HEBIlqVA1aAyDZE/uu5yAp7cfYsXJyKhhAdv+HaETcAA/zfkR650344BnMnS6D8WgprVQKcML9gV9B/JB/nDeiDnz5gmPSkd+MVs1J5dWQgXNBmjdIgsPUxuiizkXT3yppjE6dlbHrfX2cPZ8jlf+HjjvUwn9F4+FVU1VcAGFE1sO4cKDOwhJEnExbgALg2R47NiDk//c5ho7EZIyaqCppRU6dKqFgH32mP/jGu77HoFnsi66j+qDphQ3paLUYypn3z/A49fCfm5SB2pq9dDSshrurf0ZhwLFUDOxxfihuvnu++ZGtaEZvBfLV6zHAS8ZWk2cj8UDDPDIaQNu63VHd2MdNGjVCBU8N2HBwpXYuP8fxNS0hLVRHNwO/ptThxlWpRgqbaUeT/ztcvh6w/UmgtLy2a8VqsGktSkyH2agRVcz8JcTUP30aSnxl9YJf385Um/Bse1PyNx0Eo42tYRC8iXi76X19Hmo8IiQj0cxRUoSxRPJ6+PnOJU5hsynvvCs1A3dWuS97QEhhBBCSOn5MhInWRCO/eqGZ2IJxKHXsfWPB+juPA3WWjS3iBBCCCFl58tInCrUg0WTWJzZtQsnfVXRa+1mLOpQhy6bJIQQQkiZ+jLnOJFyg+YPkJJGMUVKEsUTyesLnONECCGEEPJpUOJECCGEEFJMlDgRQgghhBQTJU6EEEIIIcVU4ORwfkIcIYQQQsjXqKCLAgpMnAgpC3TFCilpFFOkJFE8kbxoqI4QQgghpJgocSKEEEIIKSZKnAghhBBCiokSJ0IIIYSQYqLEiRBCCCGkmChxIqS0ZMUh+NZRLLc/i2ihiJAPRvFEyGfhPROnRPi7bIT92A4wsXKAe4JUKM8rA6FHJsPcsBumOvwJ94gMofzDyYL34VtjawybNBf26zZgw6IhaCR//9/h5LAI08f2QevGK+CeLBNeQQhHFg737b8pYtZ0CBb/7gTndcsw1bYHhtkdwt3oj4/NfPGfu3sfDmzbhCNRWUJhbsnwcRqCXlt8kSmUkC9BBiLc98LJbizaGFpg2KJ1cHZaC/vJA2AzxB4H7kQhv7390SieyikZxH6n4MzHk/FYbPNLxNv3B1Is3+gwBTadp2CVix/EwhLyCfH3cXo/MpbutY61qm/Fpru+4B7lI+M/tqW7KTOuP5u5RUmEwo8hZcl3zrALYWnCY8Yk3huY5Vvvn8WSvbnnPEsXHpMvgXF9Q+Gv0iRhUa6zmXHLDcw7O1wkEeyGw7esYf+tzDc13yguAcLnTnJlUUJJjuSbzKHdZHa4ROM1jQXtHccajj/OwkrrK30ByiSmolzZlPq2zMlbJBSks8jra1g/k5Fsi2+SUFbSKJ4+hTKJp3Qvtq65ITPr8zvzis8SCnPhl8/MZ7+TT+IDhuqUoKxaEZpamXD/6waeSvLeP5Mh7eFN3Fapj8pCycerAM02/dFbv5LwOD/K0LTgnmOkJjwmpBAqurCeMArtAo7C5c5robCsZCH25mm4mPdEJ8OSjFc1GPVegB0LrKGjJBRx56fBJ4/jdoG9w6RkqEHHZgTGd3iC7cd9kCyUlg2Kpy+esioqtp6KuU0uYO6aS4jKytOu8stpYs1n4wN3hSqaTZuCAf5uOOcvEsqyJcDn3Cv0mWiDikIJIZ8jJR1jtKgqwqvEdKGkjLBI3D7jj67DO0Avp0EqCUpQqdsCnZvXhor8Mdegem7FgsWeiM2gHwgodUraaNCiLlKjE5EqFJUJiqfyoXIjfPvjSgwJcMLK449RxrUSeQ8fnMMq1+2EIeMzcdTVGwm5jiEW64WT8d+gi3Hu/iZ+btRmrJvdF+atfoW7nwuW2DaDidVq3BKV7JwkJg7BlZ2rsNzxV6xfNgF9B8zHNs+X3CEvjBWvnYO+xr2x7tw/OLnuO9gYG8HEsA1GOJ5HaLrwRbJewnPrMsyzW4P1dlPQt/N0HAmmMC5vWPJrRGWYwsq8ZnYJsqJuYtuSpXD8fQWm9h2PVedDciowJn6CC85LMX3yFEwZYo1GfdfDMzbXfBOWhEcnHTBu+Bw4btjAxc5CLD/4QFj4huy5J475dsKwTlp46b4Fc7ljwdx2Dtbz8xfEfjjhOAU2ueYHyiLcsYOf42A5Fst37MIu51Xy17TecJU7rpZx8WyCdg5uuJlzjDnBh18tbn3CH7+ASBqAczs3YuPBO4iVh3gGojx3YuliR2xYOQ39R6zBhdAUfgH5GCwFr6NSYdLWDNqKgkLjiQtABJ/fhCXcSejUSUNgYzoYqz1fvZnjQvH01VHSaosZa4YiYcXP2OGdkGe+09sKbuu4mOD38YZlGGfZGlOPe+HufnsMa2XCtXUmaD3cCbdy6q0iYpTkTxiyey8S781sjmsYywzcxQaYzGVukZnCkgwWdtyOOXq+zmcOEv86rqxBTzZnxw0WGh/JvP/+l4VLhYXvKb/3Z5nBzGXGInY4JFUoyGKih3vY+Ea55h1IvJlTy6asn91x5hvDzwfgnvPsHHPo044N3+nH0piYBeycwZZcjhbmb8lY5jN3djX4zfwqUnI+2RwnWQLz3TKRDXB0ZzHZ8zcyA9m+UQuYywt+X8uYJMyVzW09jK33imUy6XPmNn0cc/JOVjxX9pQdHt6ZzTkXqXjMUtmz4/PZALtLLFKS84Ys/Pi0PHNSRMxv8zDWfq0XS5E/lrJkz1WsbVdn5p0910oazA6P6MrmnnuZE4MZvtvZ5J0PuXfkiZj3BltmZj2X7bwRwuJjfNjfnuHcOwnHRe7vKZ+Lk/s44eL5yT42etoJFiZfzzQW5rqQtS1obsUX6NPMceLqEW4fjey/jt2MEbZ1YfHE0rntvoDZbrjP/cVLZ6GHJzKzWedYjPwxxdPnokziiW+XZmXvV37fz2VW1o7sRnYsvbWcU5y2joUzt0mtmFnvpeyw9yuuFuTwMTncig3a+1i+fwuPUVKQjxg1VYJqw274X4c72HM2CBK+SBKMixfqoI+FlvwZ+araG+O/s4Ghlg4s+rWDXomN22Yh9soOrKrSA7YN1IUyZWg06Y8JgyOxiTs7ShBKAX10+9YWzbX5+QDcc4x64ft5XfFo/z8IlqbgZdAzRL94hRR5us99TyNrdDMpbH4V+SKIPXF0I39V3VJMGLoQblWmYcfSztCWD28wpPqcxR7d3uhmoIS4Rzdx7tpjpBtUgSgsBumpcYjVHYi+jTXkbwUlNVTRBNIyhbkeqX5w2ZCMEd9ZQ0cle7xECSqqeQasUwNw4RAwxraJMAewAjQtemMkLuGcjxCh0gykpEbj0pm7iJbHYAqeeMahV29TqMqfoKA5cBwm2jSAlnYr9OugV8zu4yQ8cL0E3SGduKMgDo88LuL6kxToa4kRHl2mA0zlQDRu/bVFflWd3fjRmOVaBfN3zkVHbX5gq4h4Qipi4/TxXV9zKGYlKaNSZQ1I0zIhjyiKp6+YOoy+XYCVbTyw2PEswvPOd3qvtk4T1tO+x2gLYbhVVR/N2tVCeEIKZEXGKCnIx6UtSvqwHt4RQUevwj9NijT/G7jzTRc0Uy/RgfZiSkTA7btQqVeTC5XcqqNh6xaQXH2I0FyjKm9ThlajlrCIeIJnsdXwzcSxqLRtMFpa9MVU+2044xcj7/4kXziNjhg5dwaGmEsRGFYHVj1bom5Oo5SOF373Ee1/CKvtt+LcExkMus/CtpN74TCsMdQ1LDHZbjBM1VIQfscVG+1X4YD3m+EI6Qs/XE9vgob6hU3OlUH04CpO1x8E26ZCAsZTN0e3wepwOe2NeMa44+gWwntMhPU/l3ArIlPeOF4Mt4C1XgnMGpRGwperHB/uX4Plm84hiBmi2/eb4HJoOYY2evvIIUWpiw6jvsesoQ0hfhiPOladYVE3e/8XEU/QgsXkeRhqpg5x+F24bVyJnw94Ca+lePrqqRig948rMSzkd9gfepQnifmYti63omKUFOQj+3tUoG0zFBNTT+GYZxD8riWifz+zt85iyk46kqLzTlTPxUALmoV8WyUVVVRUrYLKairQaDwW2zyu48i6/6El88KGb4dh0fmIQsebyZeiEvT7zcbKLnexYuUZhOZcFcol/mIR1NtPhYPjfIwfZINWehrcOX42KcShV7Bx3lpcTGuBSQ52GGdZRVgGsDQx4mQSZEkLiRIWDc9jN9F8ZEcYvhWLGmjSsz+MXc/hZlQEPE+nodf4kRjYPRAHLz7Cq1s3IenXVugZ+0gsHSmxWvhmxnI4zJ+AgTYtoaehLCwkH0JF3xZLHNvAw34D3ELThNKi4onbFfwcFeef4HghFS0n2eHnce2EJRRPhGuT5POdxiJt9Urs8I7N1f58XFv3RtExSvL3kYkTp3IT2I6thTN/rsa2+LboVPfTpE1ATZi1NUWiux9C35pvLkFCbByMe7ZC/QK/LUNqyEPc72CBhtUVB72ShgHa9ByJmav2cN+tC26cuo9X8iXki8efzS36EbaP12Hprv8gltdI6tA3b4Q0j/t4nJZPYyX2we5Zh1F5+k+YYtOAa5qkkEjeBJqKvjk6iP+D77PshvNdLOIWjl9thgEd6r1TOVUwscaYDg/gsmUz3OrYwKpqPXQYbIPQozvw+2VN9C5s+Pt9qOjAvGM6/rn7DAWvKXk/atCxnY21fYOwbMkB+In5wbYi4gkJeLDLHlurjMOqqTYw1KiALMmbW1dSPBH58FvzcVj7iw4OL/gFp+XzYXgf09blVlSMkoJ8YOLEkCGRChmwBpoOGIl29+LReJAVarx1BGdC8s74bB5ZUfC56IlgeWXzvnK/vzoa9huH/hEuOHgtImdojSXcx6lbbeAwummu2yNIkZmr0WNifxzZFYxRM7pAT+aHHXZ/IzLnfSVIihWhSUdzLlxJeaGkbY2Fv49H+u/LsP4qHy/KqPVNP4xIPgznHbcRLex/Jn6KiwevIPjJHbgGABX5ob2sGPjs2QmXVykI8H+OZP6ptVqh39BY7HI+Cp9Y/m7kfA/VTZw6m30VVAae37yMoJEDhTkweSjpocOgVvA++hodbBtysVoBVS17YFjyTTwx6/jhw9/KFaGuHIeYhOxGuTbaDekF0dZN2OmVfZdrfl2v4uCFZ4q5iuT9KdWF9aKVmJm+A/PWXUNUVoVC4yk0PQxeJwNRUVWFS3oyEOt9BNtdQqAa8AghyVxdSPH09cmU4N3mUpjv1EEFETnDb+/T1hWm8DrvTW88yUv5Z47wd7Hwlznu3H0Mp28GIy2hIvQtDFGtmhbUEtRgObwd6igziP1cse3wOXgFBiBWJEZCRQO0VHmAXbtPwNPbD7HiZGRomaNxnUqQvfgbC0f+gVft+8HaoBijqvxPD+zYC7d/PIX3FyHyWRb0+PWoaoyOndVxa709nD2f45W/B877VEL/xWNhVVPoCZNFwWvXEVwPfQLfh48Q4HUGO7bfRd0ZyzGrfV0oV6iAjHtrMNHOFU/CQ3Dn7N/4T2s4fhzbAtUqfGBlQwr0h/NGzJk3T3hUGvjbULhh68Hz+C8wCK9zYq8y1Oo1QWvtB1j/wwEEpleCXrse6NdNGwH77DH/xzXcuh2BZ7Iuuo/qg+ZGtaEZvBfLV6zHAS8ZWk2cj8UDDPDIaQNu63VHd2MdNGjVCBU8N2HBwpXYuP8fxNS0hLVRHNwO/ovEpKP46bdXmGg/F9Y6+c1b4c4ua8rwLNwYY8Y0hSYfampVoZ74GvX6f4uWWtmNI/+THwfx5wkPPPB+CVFSFmo0NUedikrCsZnnGOPXW3QaP210hZ+PDx6rNkSXrtboqPsY+5fMh91aJ/yx3wtJOjYYOahpuYjxUo8p/hL/LYdw4cEDPH4tQlJGDTRtUgdqavXQ0rIa7q39GYcCxVAzscX4obr5xlPT6jVQSzMEu5bZ49f93pBajsXCxQPQIHArlt+ui4E9WqIpxdNnodTjSd6m7cFJ15sISkuFqkFjGFbNlQxXqAaT1qbIfJiBFl3NwM9mU9Isqq3jbwH0Jw5duImbTxORKW+rdZDskWdfWxVc5zWtlk9CTuSU+EvrhL+/Dlk+cLayA/48jnkWuSZUkk/CxNAIT5+HCo8I+XgUU6QkUTyRvD5+jhMhhBBCyFeCEidCCCGEkGL6uhInfix551HcEofjyl5nbOR/kkBYRAghhBBSlK9vjhP5rND8AVLSKKZISaJ4InnRUB0hhBBCSDFR4kQIIYQQUkyUOBFCCCGEFBMlToQQQgghxVTg5HB+QhwhhBBCyNeooIsCCkycCCkLdMUKKWkUU6QkUTyRvGiojhBCCCGkmChxIoQQQggpJkqcCCGEEEKKiRInQgghhJBiosSJEEIIIaSYKHEipLRkxSH41lEstz+LaKGIkA9G8UTIZ+H9EidZONy3/wb7sR1gYjoEi393gvO6ZZhq2wPD7A7hbnSG8MRygCUh8OBWnHyWBqQ/wrFf3fBMkt+dG7IQe2s7fnYJgkQo+TJlIPTIZDTqux6erx7hyEgLtFtyGbFf+s0qPlXM8p+7ex8ObNuEI1FZQmFuyfBxGoJeW3yRKZSQL0EGItz3wsluLNoYWmDYonVwdloL+8kDYDPEHgfuRHE1QikoMp7Il0kGsd8pOPPxZDwW2/wS8XaVq1i+0WEKbDpPwSoXP4iFJeQT4u/j9H4kLMp1NjNuuYF5S7KLItgNh29Zw/5bmW+qTCj8sskiz7BlW/9jGSyTRbquZ1t9RcKSPDL+Y1u6N2W9dgawLKHoSyUThbH7e5ew+efCmSjci+2btZS5RWXv5NJhXN9Q+Ks0faqYFT53kiuLEkpyJN9kDu0ms8PP0oWCkpDGgvaOYw3HH2dh5eMw/CBlElNRrmxKfVvm5J1dL6SzyOtrWD+TkWyLb5JQVtIKiSdSasokntK92Lrmhsysz+/MKz6floRfPpP2++eiZIbqVHRhPWEU2gWcwGmfRKHwyyZLjMHzp564cDcMsbHPEHDtSj69EwypD27gpkpNhJ69i2cyofgLpaRRE5WzNNG6kTY06mhAUrElmtdWEZaWMzkxexQud14LhWUlC7E3T8PFvCc6GaoJZSVBDUa9F2DHAmvoKAlF3Plp8MnjuJ0gFR6T0qEGHZsRGN/hCbYf90GyUEpIsSiromLrqZjb5ALmrrmEqKw8Xf38cppY89kosV2hpGOMFlUTEB6bIpR82ZRNe2NyHT+43kuE4aDRqP/fZdyPTBWWClgUPNxUMNd5Jto/vIrbIenCgi8Ti/LEVY3BGGxUAVFXvaA5rS+4P8stRcyK8CqxjPcbi8TtM/7oOrwD9HISnJKgBJW6LdC5eW0o0l0uQfPcigWLPRGbQT8QUOqUtNGgRV2kRiciT01BSNEqN8K3P67EkAAnrDz+GF92a1K+lVyzmJqM1xmmsDJXhr/LZqyb3RfmrX6Fu58Lltg2g4nVatwSycDEIbiycxWWO/6K9csmoO+A+djm+TLXvACGrFhvHHX8AYsdfoPz2vmYMPcvBIr5M2ZuWdRNbFuyFI6/r8DUvuOx6nzImwDLegnPrcswz24N1ttNQd/O03EkmF+agSjPnVgyxw7rhfktY44EodBzcBVd2CzegX3fW6Kqdics2r8NMy20hIUKLMILN427wNLMCn07hcDt1gvwnU6yCHdsWzQEjQy7YarjSfiLZfKyHWvnoG/jIVi81R0RsoK+izCmzT/XuA+cbnjhxOIBMDfsBcdb8dyHJiP4/CYsmTYFUycNgY3pYKz2fPVmXJzfBhsXY95KbvsuGgEb2zGYOnkiRsw4hlB+5eTbyB5LHNbBYfJgjHI8j9B0xauVdHpi9shGqARV6NhOwggzDXl5ecWSXyNKHrM1s0sKjS8mfoILzksxffIUTBlirZgPFptrvglLwqOTDhg3fA4cN2zgYnAhlh98ICx8Q/bcE8d8O2FYJy28dN+CudzxYW47B+v5+QtiP5xwnAIbPnYc/oR7RIYidvg5DpZjsXzHLuxyXiV/TesNV7ljbRkXJyZo5+CGmznHnRN8+NXi1if88QuIpAE4t3MjNh68I8xZUxwPSxc7YsPKaeg/Yg0uhJaPE55PiqXgdVQqTNqaQVtRUHh9VdSxXMx4IuWHklZbzFgzFAkrfsYO74Q3sZCPwtpSeZ2xYRnGWbbG1ONeuLvfHsNamcDE0ASthzvhVk69VUSMkvwJQ3bvIZ/5IrJEFrBrMms/5yyLFOZWSLw3MMsGPdmcHTdYaHwk8/77XxaeHsxcZixih0NSFU9iWUz0cA8b3+jNvACZyIdtHf8TcwtLkz9mskh2eXEvNmjvYybNDGT7Ri1gLi/4ZTImCXNlc1sPY+u9YrlHYhawcwZbcjma+1v+Qpb5zJ1dDU5lGQG72NDFl9nr7HkfmSHs4pWQj5yTJGJ+W1Yxl7AM7u8MFnZ8OjMbsJcFSRVLWYoXW9euD1vnlSAUcGv07AibtPImS+YfFPpdOBJv5tSyMesyawe78SyWxXhfZbfCk1mY6wJmu+E+U8yMSWehhycys1nnWIz8cQoL2juTzXB9oXgP2Wt2Z90g1jb7M4Xl04+HcHuRI3nG3Gb3ZP3W3WLx2dumjH2yOU6yBOa7ZSIb4OjOYnLiopB9In3O3KaPY07eii3JZE/Z4eGd2ZxzkYrHLJU9Oz6fDbC7xCIlOW/Iwo9PyzMnhYubzcNY+7Ve3N7gSVmy5yrWtqsz886eayUNZodHdGVzz71U7Efuvxm+29nknQ+5d+SJmPcGW2ZmPZftvBHC4mN82N+e4dw7Ccdd7u8pn4szO9dcNe64eLKPjZ52goXJ1zONi6mFrG1Bcyu+QJ9mjhNXl3H7aGT/dexmjLCtCz3G04s4losbT6S0lUk88fX9rOz9yu/7uczK2pHdyI6lt5ZzMotuSxkLZ26TWjGz3kvZYe9Xijqfj8nhVor2NPtxYe0QydeH9zgln4bzirXyK0rspszHrowROLS6d665FZyqvTH+OxsYaunAol9rqF3bgVVVesC2gbrwBGVoNOmPCYMjsYk7G05AJiIu7MKRRgPQQ7+S4ilKOuix7iJcJ5gh3ecs9uj2RjcDJcQ9uolz1x4j3aAKRGExXIacgpdBzxD94hVS5Gm6ElSNrNHNpCJSXoYgODoC0SlCH5NqA/Tq3oD79I+QGoCL4Raw1qvIPagIvdadYOGba7iucjP0/64a9h6+LZzlc9/t/jNYDmoJTS7LTy30u2SrjwETR8PGqBa0LbqhvV4WYuP08V1fcyhmxiijUmUNSNMyFb1n0udwPxIOM4Ma3LfnKGmhhfU3yHS9h2D+BCPVH667q2Nw9/rgPhQeZz3wJKMGtERRiBZ6nco1sSeObuSvqluKCUMXwq3KNOxY2hna8o1VxD5JjUOs7kD0bSz0wimpoYomkJYpxFSqH1w2JGPEd9bQUck+CJSgosrHRy5c3Fw4BIyxbYLK8oIK0LTojZG4hHM+CfISSDOQkhqNS2fuIlq+W1LwxDMOvXqbQlX+BAXNgeMw0aYBtLRboV8HvWJ2Hyfhgesl6A7pBH3E4ZHHRVx/kgJ9LTHCo2mA6f1E49ZfWxR14PjRmOVaBfN3zkVHbX6gtKhjPLXwY7m48UTKIXUYfbsAK9t4YLHjWYTnne/ED8FfKaotzaYJ62nfY7SFMHyvqo9m7WohPCEFsmK3QySvD0+cqg7EvJVLMW/+UqzavQdO33eHkUZhqUgiAm7fhUq9mtyuzK06GrZuAcnVhwjNSsTjuyFoZK4rNCq5peOF331E+x/CavutOPdEBoPus7Dt5F44DGvMhVpNfDNxLCptG4yWFn0x1X4bzvjFcCGmjOrfjMaCSnswoGlb9J28HNvO+CL2nWB8H1zgul9AoPJDHHbmGmInJ2x0C4e+ZQhOuYcItyWojIa9v0W7C3/DIyKTq0df4m6gGXo35Rveor5LQbRgMXkehpqpQxx+F24bV+LnA17CsmwJeB6dzB0SCtIs7rNb6EGb2zXSF364HnUfB1c5YPPZJ2AG3TBz+1844DgEjdRzZ7zllEZHjJw7A0PMpQgMqwOrni1RN6dRKmKfaFhist1gmKqlIPyOKzbar8IB7zfDW/Jtm94EDfULm+wtg+jBVZyuPwi28jgQqJuj22B1uJz2RjxjSPO/hfAeE2H9zyXc4mPnrST9I0kj4ctVjg/3r8HyTecQxAzR7ftNcDm0HEMbvX1kkqLURYdR32PW0IYQP4xHHavOsKibvf+LOsYLP5aLF0+k3FIxQO8fV2JYyO+wP/QoTxJTnLZUKCrUh7ZDpAyn/qYjKVok/J0PAy1oVshEakIyYhP5bDgvKdLEIqi3nwoHx/kYP8gGrfQ0FD0rclzG3Xgstnlcx5F1/0NL5oUN3w7DovMRXIPZDOO2X8CN46vxv1Yy/PvbWPT94TyiPjR3YuHwOKeFGT8t5BLH+cK/H7BoUkcEHffA40zFGyvpdcBw20AcvBiE1Me38MSqAwzlW7yo71Iw+bi2809wvJCKlpPs8PO4dsISjrIZBi2ywb0te3AxNBmS2Ps4cjwF8xb3lE9CZmlixFXuhGmOP2PehEGwsdCHxleQL72tEvT7zcbKLnexYuUZhObcm6uofSKFOPQKNs5bi4tpLTDJwQ7jLKsIy4RtK5MgS1pIULFoeB67ieYjOwpxkE0DTXr2h7HrOdyMioDn6TT0Gj8SA7vzsfMIr27dhKRfW6Fn7COxdKTEauGbGcvhMH8CBtq0hF6hJzykKCr6tlji2AYe9hvgFpomlBZ9jBd2LBcrnki5ppjvNBZpq1dih3dszslw8dpS4e9CfXg79LUrw8SpJszamiLR3U8xSTmHBAmxcTDu2Qr1K/DPMUDgDR+8eKdHSB365o2Q5nEfj9MKrkyUNAzQpudIzFy1B2f+7IIbp+7jlWIB9Nv0wsjvV2H/2U3off0S7r4qVlqeB0Om/0UcM2iHppVzh5gKall1Qa/nV3DtoRDUStwZ6WAbhB49iM0uybDuVFcIyuJ9l3cl4MEue2ytMg6rptrAUKMCsiS5b5+oAm2b0ZhmloLH5/Zi17koNJ73E/7XuJr8c1X0zdEh1Rv3Hhdy0H0N+LO5RT/C9vE6LN31H8TyXVDEPhH7YPesw6g8/SdMsWnApTpSSCRvAlm+bcX/wZe/YWoBWMQtHL/aDAM61HuncqpgYo0xHR7AZctmuNWxgVXVekLs7MDvlzXRO8+FCR9MRQfmHdPxz91nKHhNyftRg47tbKztG4RlSw7AT34hS1HHeOHHcnHiiZR3ytBoPg5rf9HB4QW/4HTOHZaL05YKRYX60HaIfHji9N5nQ+po2G8c+ke44OC1iJyr6FjCfZy61QYOo5uiIirBpPtQdH24HWt2/otoIXli4qe4dOY/KLfrhxHJh+G84/Zbyy4evILQdF/ssPsbkTkJlwRJsSI06aiLl9t/w+nI7HswMUgTXyO2mSUa1/yQM+0k/HfhFhq2NX5nOFGpVkv0so2By5VHwuXIFVC1TR+MTT2LK5ptYZFzGqCMWt8U8l3yvUM5RxoOr5OBqKiqwjW8GYj1PoLtLiFQDXiEkGS+spYg6txuuNYfjCnfz8XMCQPQ3kjzTSNdqzW+HS3Gjg0H4JV9TyomQujF47iQc6b8dVDStsbC38cj/fdlWH+Vj8fC90nwkztwDQAq8kN7WTHw2bMTLq9SEOD/HMn8U2u1Qr+hsdjlfBQ+sfy25XuobuLU2eyroDLw/OZlBI0cKMyByUNJDx0GtYL30dfoYNuQOxa42LHsgWHJN/HErCOafehQqnJFqCvHISYhu1GujXZDekG0dRN2emXf5Zpf16s4eOGZMMxM3ht3kmS9aCVmpu/AvHXXEJVVofBjPD2s8GO5yHgi5U4m16a+U/UL8506qCAi5zy/OG1pcXxgO0S4jfRepEzke4I5TurKjOt3ZVNW/sFcfN9cNZZNGn6DbV04mDV85zlZTBR4gtkP7s76zVrJNqxdyezWHWPeMbnvnpz9HCv51QzG9S1Zv4V7mFcU/5y8y6zY0GUH2R35shjmuXYYs+o0kv2wci1zWLiAOezzYlGSLBbv+SvrZ2HNhi9wYL+vXMTmrsx+zXuShrEbWxaxoSat2NCFa5nzcV/25n7iCczv+Aa2aHArZtygD5uz9gTzE/HXLSSwO+uWsH1PFNdQvVHId8n5HFNmPWlFrs8Rrrbgn99yFHM8/ZiJMp4y1zm9WNtFl1iMTMJibq5j/Rrw7yf8a9CZDV/4Bzv/JEl+lYRMFMBO2A1nlvLlxsxysB3b7xWpuOLiE+DXsXQVFrMiFnR4NrPK2V+ZBe8T/iqWaR0V22zYKnb6SSLLeHaKzbPuyRZfjlRs29i7bNesnsyMf23LQWzRzsvMc+80ZmwymC1y6M+9tgtz8i74rtKymHNs/gzXnCtTFbHzU567i6ez8BvbFXHWaTJzcDopxFkBx50smt10/JY17DSYTZm1mK2//IJJZYks8MQKNrSlseJ7thzO7OTHSvm4jqbUY0rky1wcJjPr+nmPTxlLe3KETbNowfrMWs9t/9eF1FdFHctFxNNve9iN8A+ow8h7K/V4yq7vmxa8X2Xxt9h6u79zXU1ZVFvKt0e/sCmdTFnDwQvZ79tusHBpfnVHIXUeKZAS/x8hhyJfOCZ+iL8cjyKp+2gM69IItVQyERfshwe3TsB5iyrmnf8ZPfLr7fiETAyN8PR5qPCIkI9HMUVKEsUTyasM5ziR0pWOpyc24O8WEzG9R2MuaeKHdtRQy9QKPcbPxMTGIQiOyj0fihBCCCHvixKnckMJKhVVER8RK0x2zsbPjfCBX42B6GFGF5gSQgghH4OG6soRJg7EqQ2/Ys/9ymhnYwJNpQzERyZA1agLRo7rAdPP8LJz6gYnJY1iipQkiieSFyVO5JOiSomUNIopUpIonkheNFRHCCGEEFJMlDgRQgghhBQTJU6EEEIIIcVEiRMhhBBCSDEVODmcnxBHCCGEEPI1KuiiAOpxIoQQQggppgJ7nAghhBBCyNuox4kQQgghpJgocSKEEEIIKSZKnAghhBBCiokSJ0IIIYSQYgH+Dw7Zvb02V7A9AAAAAElFTkSuQmCC"></p><p><br></p><h3 class="ql-align-justify">Os recursos em um servidor da web também podem ser protegidos por meio de uma ACL. Se um usuário é sem permissão de acesso ao recurso, ocorre um erro 403. Um usuário que tem o direito de alterar os privilégios de acesso a certos objetos opera sob controle de acesso discricionário dirigido pelo usuário. Um exemplo de o controle de acesso discricionário direcionado ao usuário é uma rede ponto a ponto. Em um rede ponto a ponto, cada usuário é responsável por gerenciar o controle de acesso para seus próprios recursos. Outro tipo de controle de acesso discricionário baseado na identidade de um indivíduo é conhecido como controle de acesso baseado em identidade. Com controle de acesso baseado em identidade, a identidade de um usuário é verificada e gerenciada por um pessoa ou organização diferente daquela que gerencia as permissões e privilégios.</h3><p><br></p><h2><strong>Controle de acesso obrigatório (MAC)</strong></h2><p><br></p><h3 class="ql-align-justify">No controle de acesso obrigatório (MAC), a autorização ou liberação de um sujeito é formalmente combinado com a classificação de sensibilidade de um objeto. Na União Estados, os militares classificam os documentos como não classificados, confidenciais, secretos, e ultrassecreto. Da mesma forma, um indivíduo pode receber uma liberação de confidencial, secreto ou ultrassecreto e pode ter acesso a documentos classificados em ou abaixo seu nível de liberação especificado. Assim, um indivíduo com uma autorização secreta pode acessar documentos secretos e confidenciais, mas com uma restrição chamou a necessidade de saber. Necessidade de saber significa que o assunto deve ter um precisa acessar o documento classificado solicitado para realizar seu funções atribuídas. O controle de acesso baseado em regras é um tipo de controle de acesso obrigatório em que as regras determinam os privilégios de acesso (como a correspondência de rótulos de liberação para rótulos de classificação), em vez da identidade de os sujeitos e objetos sozinhos. A principal diferença entre DAC e MAC é que com DAC, um objeto proprietário pode especificar a lista de controle de acesso para um objeto. Com MAC, uma central autoridade determina a classificação de objetos, independentemente de quem cria ou os possui.</h3><p><br></p><p class="ql-align-justify">																											<img src="data:image/png;base64,iVBORw0KGgoAAAANSUhEUgAAAaMAAAEUCAYAAACGWlk5AAAAAXNSR0IArs4c6QAAAARnQU1BAACxjwv8YQUAAAAJcEhZcwAADsMAAA7DAcdvqGQAAFSxSURBVHhe7Z0HWBXH18ZfYo01Ro0lKBBQg4o12GtssQbxC/aoUWNJbLElluQfS2xRTIyaqEkwdmxgjyU2wAqiKCiiIKCAgA0kUmS+PcuuuSIgyuXW83ue+9zductl7055z5k5M2MhJMAwDMMweuQN5Z1hGIZh9AaLEcMwDKN3WIwYhmEYvcNixDAMw+gdFiOGYRhG77AYMQzDMHqHxYhhGIbROyxGDMMwjN5hMWIYhmH0jlmswHD79m0kJSXJx4FXrsjvKtY2NihWrJj8evfdd5VUxli4d+8e4uPj5ePs8paoVq2a/M4YD5p5e+vWLTxOTJSPiXcqVEC5cuXkY85b08DkxIgK8LVr13DR/yICAi7h7337UdXaCs2aN5c/t7e3R4kSJeTjRKlwBwUFycc3QkJw7sxZdOrSGQ4OdVC3Xl3UqFEDb7/9tvw5o3/+/fdf+Pv75ypviXPnzsnvat46Nm6EBg0bon6DBvK1bHwYDpS3wcHBuBwQINfJzRs2yul9+veT3y0tq6BSpYryMaHm7f379+VywHlr/JiEGJEA+fn5YeeOHXLBHDF6lFworaysXtlqun79umyFXZC+b/++fbCvWRMdO3ZEy1atWJj0ADVS3t7ez/KWGidHR0fUrFVLaqAs8eabbypXvpzMeVtBsq67de+ONm3bcuOlB1TjwuvkSfy2YqVsCFJde528pd6P8PBw2VA5fuyonNa6TVt079Gd89ZIMGoxosbFY+dOuSCTAHXs1Al169ZVPtUOFy9exCmfU/hxwQK5IRw0eDB3C+gAalx279otP3fK2xYtW6JevXqv1EC9DDVv3bdslr2rrt26oWnTpsqnTH5BxqP7Fnf5uZOxN2DgQK3nLZWfY0eP4vc1a2SjY+z48Zy3Bo5RihGJ0Fo3N/hIFvM4qZCRCGmzIGcFWXEH//4bPy1dKjdcLEr5AzVUSxYvlvN26LBh6NylS757pKqF/rOUtwQ3XPmDKkJkYEyaOhUuvV100ttw6tQpzltjgMTIWIiPjxcLFywQbVu3FpJHJJKSkpRPdAv9b7oHuhe6JybvUF6uX7dO2FpZ6zVvfXx8RB8XFzF92jQRGRmppDJ5gfKS8pTyduWKlXqrM5LBIectvYKDg5VUxlAwGjE6dOiQLABUmPXVUGmiNp50T3RvzOtDjQQ9RxIAQxB3zcaT3pnXhwTd0MRdbUuo/hpCW8JkYPBiRIVF9YYM0Zqhe6LKRvfIBfvVUQWdPBJDgxrP0aNGyS/2gF8dVdAN0Vij/CSBpLxlD9gwMOhJr9THPGniRDx8+BB79+83yDEauqc/3NzkY7pXGjhlXg6N03wxejQkEcK2HTsMsh+forB+XLxYDvX/P2dnzttcQnn768pfsXnTJhz39kL79u2VTwwHGquaM3euHL03sH9/eVyJ0TOKKBkcZK2QxUzdcsaCauWzpZUzZJWSRWooXa65gTw3svIN0YMzJCg/VW/SmPLWUL1zc8IgxUgVImMsHGrBZkHKGmM0MlQob1mQskcVImPMW2Nuc0wFgxMjUygULEhZQ42VsQqRCuUpC9KLGLMQqbAg6ReDEiPqvqHCYArRaSxIz2MKjZUK5+2LUN5SEI+xw4KkPwxm0isNelIAAA0Wjxw1Ukk1bjasXy8P0NMgeH5PyjV0Fi1cKL9PnjJFfjd2aMB7+jffyIE15p63FKxAawWaSjmnlTkmjBuHdRs28FJCOsRgounWuq2V301FiIj+AwagTJky+GXZMiXFPPH08ICfry++HDNGSTF+KPrPpXcf2YAyZ0iUaVmf2XPmmIwo05JitLLLpK++ko1kRjcYhBiRJaIWaFNj+owZ8qKc9BvNEQqHnjh+An5cssTkPIhBgwfJ7yS25ghNvSDv0PWnn0xuEeGPnZxga2eHHdu3KylMviN31ukRdVCbZuGbKuoKA/RbzQ0aSzDlVQzUgAZzHD+iSaM0ncFUUceweekg3aB3z4gsD1p4VNurbRsS9NtowU+1K9JcUD0GsjJNFRpTWLzUFStXrFBSzAPy9GkxW+devZQU04O8vWkzZuBb6cXkP3oVI3Lzv5sxE1+ZQb87rUBNXZHmMouf+tpphfPxEyYoKaYLrRpPG/iZU1fs/B9+wNx580w+eINWj3i7bFmz7YrVJXoVI1pOnpaSN7X+5qyg30iDouZiQdN2G+TxmsM2G9Qg09YE1ECbA+rSOeayFQMZVGRYcTBD/qI3MSKviPY1oT1NzAWyoKlrw9S9I9Uroj2fzAW1YTYH74j2BiLxNRfIoCLDinYcZvIPvYmROXlFKmRBU3cd7WBqylClNRevSJOhw4djq7u7cmaamJtXpPKJiwt+X71aOWPyAz2K0WZ5f3pzgwIZyCM0ZZefKi1VXnOjuSTA5PmS12+qeJ08KYuuuaEGWJnrFA1doBcxIuuK9r43x9nN5An26d9P3ubaFKEuyJiYGJOOjswO8nxpIizNKzNFSGR/W7FSFl1zpE/fvjjlw1tN5Bd6ESOyrno6Oytn5kfXbt3kZ2CKHDt6VG6QzZWmzZpiz27T7Ib18/PDiNGjTD6CLjtatmol9+gw+YNexIgsxwYNGihn5keNGjVkC9MUobX4qEE2V8gjJM/QFLvqLkhi1KJlS+XM/KBejQoVKuD69etKCqNNdC5GlJGUoeYUuJAZ+u2dunQ2uUJNDfDf+/abZRedJjQueO3aNeXMdCADigwpc6Zb9+4IvHJFOWO0ic7FiDKydZu2ypn50qxZM5Mr1BEREfJ4mLlTX/L6L/qb1kA3jQU6Nm5k1kYkUdvBAefOnVPOGG2iczEKDg6GXTU75cx8ec/W1uQKdVhoKBwdHZUz88XKykreUsGUCAoKQoOGDZUz86VKlSrYvGGjcsZoE52LUVhYmFxZtY1IvIyNY7viw15D8PkAF/QeMx2T+i2Cd5JBbNf0AlWrVpWXkDElSFzfqVBBOcsDIhYB+//AzK4OsLPuhNneWYy/iHB4jmwkfe6A7jPWwiv0MdJDN6Kfbcb1IvE6DrvNw+dtJsAzOk35I91A86uou9KUiImORvXq1ZUz7WFs9ZY8w6rWViYdvq8vdC5GVEktLS2VM22RiMtrv8P8ouOxbdufWLV+E34fZY/Ea5GIe/RUucawoLD2c2fOKmemwf3791GuXDnlLA9YlIdDZxf0bF9FOgnGxnUnEPVc2ySQevUg/jgQKx1XQTvnXmhhUxxvVGqCId+ORNcapWBRwg4t7QvgfJh+8t/UGizyjKxtbJQzbWF89ZagCd3x8fHKGaMtdC5GhPZDQx/g5oVQ5ZgogBI1nTFuZEncvZ+qpBkmptRgad/QKALLquWResgTB68nKWlEAgIOnEeF9g7KuULR99BhUE80KFdQOrFAgUKF9FPAJUyxwSpWrJhypC2Ms96WLl0acXFxyhmjLXRaV9VBUO1TBtUa2yPZfTpGzdmN64lkVRXD+33HoUeVwtLxUyQGbsbX4xZho/syjHeZiq3BiVJ6MuKCjsBt8mBMWb4SUztTt1BLjNzgA7/t/8Mn9e1gZ+uMuV4xki2ufWiw39QaLO0aGuXQbcQgNMJJrNoZAFWOxL0zcD//Afp1JM9JQSQg7LgbZvbqjaV+lLeaSPkfuhsz2/XEFLeDuBCZKOVnMqK8/sSc2fMwa1gXdBi7CYFyuWGyglaWKFu2rHKmLV633lJ+emPrkvEY5/or5nR1QA0nNwQ/vIyNU6dg0YaNWDF2EMa7X8MT+jdahror78bEKGeMttCpGCUlJcm7J2qf4rDv+w2+61EG/r+PRefWw7Bo3zU8Ll4eFUoUkMruNWwavwT32vZFP5ch+LRpAGb/dR6P0hJw//Yl7N16Hclvf4iZ+/xxdnUr+ExfipM24+B+4RJ2f10Ufy47gluG2YVt8hR8vz0Gdi2PmDXbcDyWxn5SEX3iHyR88iFqFJbyVuVpMlJT7+Oqb4KSoEFqNM5vu4zqy9ywYHBH1LcsjrTgzZi0oQyGzvgG3/48Ha2OfocJay8jRfkTbWBK1nN42K18iKR7zXor/sWDh+E49+cenLlXHZ+7SeIzoR7ub5mNb+ObYaBk5H0+uB68/rcRpx+lK/+LMXT01YuhdSxK1Ea/n7bhwOqJaF/yLH4b/X/oO+cIotIkFSlghQ7fzcfIJuUhEm8j+OZDJEU/QFLBcqhW20ayz0rDpsa7KGFRAKXKlkNhVIR15ZKwkI7KlC8HBMfgHhvN+sGiMtoM7gOb1EP4a+91SXCCscf9LfRrZynljwbP8jIz0vXfz4F3s88xoGZp5W+eIOT4AdwoGInTnh7wPHgNKZaFcOPgBdzSUttFUYVsPb+c16q3FiVgWbsGKhcshToNq+Od8g5o17ou6nYYj19GN0Y5yUsOv3YLKUn38TCJxchYMBkxkrEoCZsOX2LlHnfM6VERQb/PxtKj0RCSBWZV913EbHfFj9sDkVyUxhQY48ACbzp0xIDGwLl1B3D69GEcb/4RHEvmtujew/Xgc9jteQbR1MDJxCP4TDhsmnaGk5MTPnb6DLP3X0GI52BU01KNSEzM3FXIZItW6q0FilrXgm20J+Yv8kBwcgETa9xMH9PIr+jd+NrVF+o62BYlaqH3lM/RApLlGxyL9PRb2DX5axyrPgSTBnWAQ+XiypWMUVDIDh37tkGhGz9jyOAAdOnyvuSz5hZHjJ47AfY7F2DBnjBkBHkXRjHJhfI/fQ1xz7pfBZ5cP4cLcdoJA6fos5q1ailnTJZotd4mI8Lzf/jsmC1GTx6I9nUswSancaFTMaIB0HyZMFbuXVRc7wq3Sw+UQAOBtISHuA8H9GxqjQJ3L2DvfqX/Pu0BYqIey4epDx/i8bPGSPdQKDSTHelIS0lFSip1sxRCpY59MaRSARTq6owO1kUyLskVBVCkmjO+/aE+fCb/gA3yAHgZ1G7uCOxdjWXb/BGblozYSzuw2D0eFctyE5YVFHik9eWr8lJv5SNNYuG35xgeysfJuBd9N8PwSE3Aw8fa7WNnrzd/0KkY5dtSIgXKwrJ5CYSu+Qojps/H0gWTMOCr02j+83wMq18KqNAUnw4rD4/hH6LdF9uRYFcPbx/+AZN+P4EAH1+ESMX/qu9FRETfxOlTAVJBD8F570BERQXC+3yIVLaD4Xs+HIlaFi4KhTalDei0NreGJr3u+gsb9vpi3/q/sPtSLEQxB3T/rAeG9G+G8haPEea9E5v3XJAujsCRHdvhdSkIficpL+/C/5SflJfX4XX8opSXEbh09haKNu6Atm8dxQ/jZsPteARKdp2MlSOKYd/knmhq1xKjtwLO4zqg0nMDUYxKvgQevW69XXceN06ehJ8kCiE+x3E2gqIjK6LZ4D6w2v45mradgK2JVdC67AHMnrgZN4R2M5W93vzBQkgoxzrhwzZtsG3HDrNf44o213Owr4mQMM15FsbNjOnT5a3GzW2H16yws7ZBQFCgyWy3sGjhQnnFbnPb4TUrvhg9GuMnTOByrmV0PmbEs5cziIyMlFfuNiUsLavg1q1bypn5onqHprTvD8+t+Y/8WUWG0bkY2dvb8xLsEtRoOzjUUc5Mg0qVKiLkummtt/c6mOLq5bQUEK9W/d/EfXPdYDA/0bkYmeJq1a8DbVRmaquXUz+6qa1W/TpcDgiQjS5TglerzoBXL88/dC5GtDkXLS1i7tBut6bWYKmrVZv7isa02y3te2NK0BhvvkTUGRlkRNJ+VYz20bkYUaGmnV4vXjStzcdeBXL16RnQyt2mxojRo0xyl9PcQkJMgpwf2y3oG9oU8+yZM8qZeUJGZAMWo3xB52JE0Na9p3xOKWfmx7GjR012t1uyGr1OnlTOzA8SYhJkUxxTaNqsKfbs3q2cmR9kQJMRae6RwPmFXsSoTdu2cN+yWTkzP6hCt2vfTjkzLZo3b47fVqw026669evWySHQpkjdunURExMje/bmCBnQffr2Vc4YbaMXMaLuKbIwTp0yP+9I7Z401TkK5BGQZ3DyxAklxXwgAQ4KDES9evWUFNNj6LBh2L3L/Lwjmhf444IFaNmqlZLCaBu9iBExdvx47N2zRzkzH7a6u2Po8OHKmWni1LMnNm/apJyZD+5b3OHSu49Jh/127tJF7tWgxtmcOPj333K4PnfR5R96EyOyHimqzpyic+i30m+mrixTRvX6zMnzJa+ILGeX3i5KimlCjTFNXKfG2Vwg4f1p6VJ5dREm/9CbGJH1OE7yjta6uSkppg/9VvrN5jBhjjzfn6UKbC6QVzRp6lSzsJypUabG2Vy8IxJeEmBe/id/0ZsYER07dcKNkBCzsKBVr4h+szlAa5jR4pqeHh5KiulCA/rm4BWpUKNM3XVr3dYqKaYLe0W6Q69iRB7C19OmyRa0KVtZ9Nu+nTED06SXOXhFKqoFbeqRdStXrMDipa5mNZ5AgQw0dmTqkXW/LFsmCy97RfmPXsWIoHBRsqB3bN+upJge9NvoN7Zv315JMQ+oAlOjtWTxYiXF9Dh8+LDs3ZuLx6tCwktdzj/MnWuyhiRFvtIk1y/HjFFSmPxE72JEfDVxIn5fs8YkV2Wg7jn6bfQbzRHnXr3kxpoabVODvIKRw4Zj1pw5ZuXxqnzs5CS/m6IhSQI7Ydw4uP70k1nmrV6g/YwMAX9/f9G2dWsRGRmppBg/8fHx8m/y8fFRUswTylNbK2uTytukpCQxetQo4bFzp5JinphqGae8XblipXLG6AKD8IwI6q6jLh1TcfvpN8ycMUOed2LuG5LRJOd1mzZiYP/+JjPGMFfyhqytrZ95B+YKddeR9zD9m29MJm9/Xfmr/D5o8CD5ndENBiNGRP8BA+Q9fiZNnGjUgkT3Tr+hTJkyGDlqpJJq3pAgkzCbgrFBjdX9+/d5LEGBDMm58+aZhLFBeUuBGT8uXszdczrGoMSIUBtvYxUkVYiI6ZJnxPwH5a2xGxvUWNGeTdxYPQ8ZG9SzYcyCpArRug0bOG/1gMGJEUEVnTC2RktTiLixyhpNQTK2RouFKGeoZ4O8X2MUJE0hMsWtXYwBgxQjqujLV6yQG63PBg82ioJN90gNLI0jcGOVM6ogUaNlDMtBkZHxxejRLES5gPJW7bIzhsnslLeLFi6U85aFSM8ogQwGC0UrGXq0jhoJuH7dOiWFyQ2UpxRld+jQISXF8AgODpbzliKrKIKOyR3GUCcoupOi5qZPm8Z5awAYvBgRaoOwcMECgyo0dC90T3RvVPmYV4cahD4uLnKDQGHChgLlLTWklLeGLJaGDOUnNfb0MrSwfjJyyRAy99B8Q8Igu+kyQzP59+7fLx937dzZICZQUhcE3QtB90YRRcyrQ90if7i5wd7eHv/n7CyvZafvcUKafE3dw0FBQXLXjbmtnKEtKOybuts7duyI1s1bYMP69XrPW+oWpi7XgwcP4ri3l9mH5hsSFqRIyrFRQIWJ1nkjaGVoXc/hIRFSV6OmdfVYhLQH5S2tbE4rNugjb9X/Twva0riHuc8P0ya0PiEtC0XPlpYRouWTdDn2ppm39P9ZhAwPoxMjFU1RoM3qaI+g/CrcZM15S4X499Wr5XN9NJTmBHkmq377Td41lRoO2l0zvxYhpbz19/eXtwtX/5+uG0pzQlMUKBScFiHNzwVmqZ2gTTz1JYJM7jFaMVKhhov2G/ltxUp5u+sWLVuiRo0aeS7gaiPldfKk/N20y2PXbt1YhHSIl5cX/nJbi38OH5bztn6DBmggvbSRt8HBwTjlcwobN6xHyVKl0K17dwwePJgbKh1B0ae0fTmFU9vXrImezs5yV602otmoTaC8pe+uUKFCvhurjHYwejFSoW4APz8/HDt6FJs3bESnLp3l8GG7anawsrJCsWLFsi3oVDGSkpJw69YthFwPkcM8/963XxagNm3baqUBZHKHpqdCeUBQY0L5GBYWJhsGjo0boXWbtqhUqSJq1qolX5PdEv9ULuLj4+W8jYmOho+Pj/y9VD6oAUxISID75s04d+asfD1tkNeufTveMkBHaBp9tEI2iUeDhg1RvXr1XOdtXFwcbt64IY/xqXW/WbNmct3lUG3jwWTEKDPUHRB45QqioqIRGRkhj0OoDU5mqlpbyTs5WlpWedbAcWOkWzQt5fCwW7Lg9OnbN8suOspbVVyoAcpN3pYuXfpZA2dpafmClUzfeeTwEXmTPIL+P1vUuofKAeWpmre07JJqlGQFGYxq3lrb2MjvnF/GicmKUU7YWdvI7yFhofI7oz+oT1/TC6LuOOrX11dgCFnq6vgge0uGBddb04bFiNE51L1CXTK0z9PLvCB9wt6SYcH11rRhMWJ0hhrZRP36BHWxfOLiYvDh8dl5S917dOcxCR3C9da0YTFi8pXMXhCN4egipDe/yOwt0WD5gIEDUa9ePfaW8hmut6YNixGTL2TlBZlSaDx5SzSlYPOmTbK3RCJLK1azt5R/cL01bViMGK1hal5QbtGc60awt5Q/cL01bViMmDxj6l5QbiExPnniBHtL+QTXW9OGxYh5LdSG96elS83KC8ot7C1pH663pg2LEfNKZG5kzdULyi3ZeUsuvV1YtF8RrremDYsR81K4+0k7sJDnDa63pg2LEZMt3NWUP3AX5+vB9da0YTFinoO9IN3CwR+5h+utacNixMiwF6RfyAgwx7D4V4HrrWnDYmTG8MRNw4S9pazhemvasBiZIbykjXHA3tLzsBiZNixGZgIv9mncGOsis9qExci0YTEycXgbBNMis7dkqNtv5AcsRqYNi5EJwhvEmQfkLRnSxoT5DYuRaWNWYkSVlwaBNQu1mmYKsBdknrzKlu3GCEV60nbiDvY15XOqt1TWy5Yty5GGJoRZidGM6dOf21Of+t3pfPmKFfK5McJeEKNCZcHf39/kvCVPD49nE4QJKt9kcAUEBbKRZUKYnWc0sG8/5SyDdZs2GqVnpFrD7AUxWWFK3hKNkzVq0FA5y4BEdvKUKcoZYwqYlRgRH7Zp88zCIozJusrK8mUviMmJ7Lwlp549jarMLFq48NmEbGK7p4dZRRKaA2YnRr+u/PWZN0EN+chRI+VjQ8bUxwQY3ZBVOTIWb5rGjXp97CQf031v2rJFPmZMB7MTI6qQrZu3kI8N2boy1f5/Rv+oZevnpUuNapxR7dX4fs5s9B8wQEllTAWzEyPCEEJEqUGgvvDME07ZC2J0yatEYJJ3ok9DSO2q23/oIHdLmyBvKO9mBUXR0UtfkOB07dwZSUlJ8jkJEwVXfDF6tOy1UcNAS76Q50bdER87ObEQMfkCNerUVU1jp7+uWS2njRw2XA6jpi5tEiuVywEBcpq+oPBuwtLSUn5nTAuz9IwoVDQxMVEvrj4J0cD+/WWv54SPN3Z57mIviDEosvOW7kue/DdTpuptrJXua6mrq1FPxWCyxyzFiLobyCvRdUi3phC9WexN/Jv0r5zOY0GMIUIee+Y5bCq0uO6PixfrNPCB7met21qjCDpiXh2jFSO1++DWrVt4LHk55OkEBQXJaYSPVImo0X9dNLvx7O3tUaJECRSXXlZWVnLaq/ZZHz58GD/MmfPcPX0kVehpM2agcuXKSgrDGCZeXl6Y9b//4WbIDSUlQ5CmTZ/+SgvtkkFGhmBcXBzuxsTIaefOnZPfiRshIS8I36tA91SmTBn52NKyCipVqigf16xVS36nLj6eh2eYGLQYkSUUGRmJwCtXEBUVLR1HPBMZtdBlVeCIvBQ69f+q0P8nVMFTV3GgJf2bNW/+7B7o/2deooSCFJZIFqS62nJmXqdCM4wuofHM6d98k61xt3ipqzyuqQkZi2QoxkRHy3VGFRnq8rO1s0Pp0qWfjQFZ29igWLFi8nFel/jRHOPKSvA0Vz1X74H+f7ly5bgO6hmDEiMqSNTwBwcHw8/XVy68VGjIM6lQsaLslRjSelQkNPHx8c9VOirsqkhVkjyeg/sPwKFuned+Q2Z4jS3GkNFs4DVRjcSrV4Pkhr9+/fq4efOmbKiRkeXgUOeZkUZiYyiNvWpsqmJFQqUauWp7U9vBQRYq9qJ0h17FSBUfKgzUiFMBbtasGd6ztUXVqlWN1lKhrojw8HDcvHEDPj4+zypnx44d5YrJYamMMUPlmwyvC35+8nYWFSpUQOs2bWFXzU42toy1fJNxGRERgbDQ0GdtEnly3bp3Z3HSAToVI7JIaLLdRf+LcgQZFWJzyGj63eTtUWjsnt27ESNZYxS63aJlS95dlTEKKOhHs/zS9vR169VFjRo1TNqrVw3mgwcPykYleU5t2rZFgwYNuDdDy+hEjKggn/I5JYeKkofQ09nZrDOTLDA/yarcuWOHXMA5mo4xRMgDOnb0qLyRn2o4UkNsrmMrqjHtdfKkPPmW2jLerl975JsYUYOr7khJBZnmKbA18SKawhQUGIihw4bJXhM/J0YfqA0uLRVEHhCVR3MWoOzILEy8YHHe0boYkVurTpjjDHo1yBJVt4UwxpWVGeNF03ik4Juu3bqZzKaT+Q09u5MnTsh7LtnXrCl7S/zsXh2tiRGJ0Fo3NzkqZdz48byKQB4gq+vg33/LhZsahkGDB7MoMfkCNaTuW9yfGY/de3RnLygPUBg8eZXEWKkdZFHKPXkWI7UwU0ACiRCNfXD/qXbQFCXquqMuExZ4Rhtoli0KRnDp7cJlS4uoovR22bIYP2ECG5O5IE8LpdIab//n7Cwf792/X574xkKkPehZ0jOlZ0urNNBul/TMGSYvUEDRZ5K3TeHL6zZskJfXYSHSLuQR0SLHFKw1YvhwecVxMgCY7Hktz4i8oZkzZsjHrPq6g8aUfpg7Vz7mVRuYV4UaQ1rbjXox5s6bx11IOoKe+y/Llsljcq4//cRRs9nwymJEVtWEcePkLiPe4Eo/kHdE3SvcoDC5RTVkaAmt6ZIhyT0Yuofbzpx5JTFSF/tkddc/FDBC7j8XbOZlqGWFxnQzryHH6Ba1V4mNghfJtRjRplrk3lMfM3cPGQZk7U766it5KRZeVp/JChpIH9i3H9Zt2shetIGgdtuFhYXpfBsOQyZXYqR6RCxEhgcV7EkTJ8pr+rGHxGhCxgrtHMxCZJiQgR8QcIk3C1R4aTQd9XOyEBkuZFVRMANNViQrmGEI6g6ijRxZiAyXQYMHye/63MrdkMjRMyKru2vnzjxGZASo4wLbduzgMF0GMyQDhbZCYG/ZsOE29j9y9IwoDFRenZeFyOCh8HoKZiAPiTFvyEOmzexYiAwf6tkgIZr/ww+yMJkz2YpRxsoKm5+5ktolHQne89Fr+UWkKClM3nHu1Uuey0BjBYz5QjP/Z82Zo5zlIyIWAfv/wMyuDrCz7oTZ3veUDzQQ4fAc2Uj63AHdZ6yFV+hj5QNGhYx92v3W29tbSTFPshUjatTIK8qXSA8RDa8tnrjotgfnEtKVREPkKRJ8N2NLQJJy/nqIhHNYvfmK9G35C+UVeUe02CpjntAYL6GTiegW5eHQ2QU921eRToKxcd0JRD3X6S+QevUg/jgQKx1XQTvnXmhhUzzjI+Y5PnFxwe+rVytn5km2YkSbaNGiifmBiPTG9kuFUSnWE+uPREpF1hARSIs6hp++3YKo1DwIZtptHF86D6ujknXyO2m5f/JoGfOE9g2j7Vp0SxFYVi2P1EOeOHhd03BLQMCB86jQ3kE5Z7KDvCPassOcezWyFCPquzx35mw+Rc8l4eqBU6g+bxFGNUnBP5u9EPZcWy+JQKwvtiyaj+Ub1mHhgA7ovegkYqklT7sLv82umPPLemxZMBhNXFzhHZuW8TfRp/DH7DnS32zC6ilDMGTBblxPTEVi6G7MbFMdH7j6IS0tFkEHl+LTag3wuUek9GeJiDizA4sGfQFXt3noXd8OdrbOmOsVAyEe4LrPcZy6Eo3A43uxyzsUT8RDBG78DhMWrsXW5V+h91h3XH8ipK8Jx1mPRRg8bBHWLuyPD6xtUKPrQnjFPsHD66dxxOcanlw5LnksPgh78gRRx5bh6wVrsdPtW/Ruswx+9BO0hJpn1M3KmB8UKkxbf+uWcug2YhAa4SRW7QyQangG4t4ZuJ//AP06kuf0HyLxMjZOnYJFGzZixdhBGO8u1Q88RWLEWXgsHInPl6zCIhela2/O8Yy6T58HbsbX4xZho/syjHeZiq3BifL3QaqXQdsX4VvXNVg12Rkdxm5CYKLaD5GMKK8/MWf2PMwa1uXZZyIxFN7uizFyzGK4zXZGDdtBWHslBMcWfYuF693hNrMvPvzlArRYNV8KLYYcHh6unJkhFE2XmeDgYDF92jTlTMsknReufX8WvklPxJ2d48T7Vk7C1feh8qFEynWxdcRIsSrwsXTyVDzymiMav/eV2Hf3kbjp/pXou+qySKHrHp0Usz5oIsbuvSNEeoTYN7afmO0VJ9Lps9QbYuvnzUTb+adEgogQHkPri4ZLfEWq/JmvcK1XXwzfGSEdx4qrGyeJuladxcyDEdLnj0Xgqr7CtsefIvipdG3UTjFc+szVN4H+UqQFrhKdrMYIjyjpm+TvaSVmHI2VvuaS2DSplbBt/b04eOeJ9Bsui1Xd6wunP69KvyDT/0+7IlZ1GCW2RtCvuC/OLPlT+MofaA/KO8pDxvywtbJWjnRFgvBdMky4nr8q9o1pImztJkl1lQp0ilS/vxajd96Q3sdI96XWoySpjrkI26E7RZR0luq7RDS0/1YcfZgkYq9uEZNrVxNtZ/wt7qSmi5TA1aKHVX/hFvyvUm8cM+qt/D87C4fpRwW1HGnX/hQ96y0QZ56ki/T4g2KKfTXReuj34tejt8STa26i38id4g41DI+9xCzp+zv+4iviI86LDVRnP/heHI25Iy4d8hJBp1eITp+6iwj52tPCdaVfRp3VER47d8ovcyXHaDrtk44Ev8M41/ZDOLxZBBVbdUWPYgHYvNMX95U+rKchR7HmlA3qvkdjVW+gZLNx2P7PNHR4OwKHVwehXp0qKEQXlmyKCR7umNmxIkTYCfzlWRYOtqVhQZ8VrIrmnT/A7fWHcTEphy62guVgW6MyCsIODR0qSu+FUaZ8OSD8PrIayipg0x4zfx2CxuUskBgegtDkBMQ8eCJ9jQ2qVy4O2NWBQ6UiQKHSeOcdIOL+Y+kXZ+KNN1Gm8lksnL4ch0LfQP3PeqJGAeUzhjFWLCqjzeA+sEk9hL/2XkdqajD2uL+Ffu0sM+rkM4rCpv14/DK6McqJBIRfu4WUpPt4mFQI5WztULlgCdg1rIlKBS1QqEw5VMA93E+Q/JMCVujw3XyMbFJe8mpuI/jmQyRFP5C8sDTEBvrhktQqFCxgAYsy1eHoWAKivhOGtSmPm8cP4EbBSJz29IDnwWtIsSyEGwcvIb5yDbxPdbZuHbz/TiU4tG+OGpXLoZLXUsxYegih6XUxpE8NcNXUHboVIxGJf9btwe0DP+KLYcMxYoobLkttd9xmT5yITpUukArWtQCEvJFRsGQsSuBdq7IoGBuMc8FA4ULqLRdAiXeroJxUaJ/ej8F1pCA1TR2VKYjyVa1RMuEu4h5pMWygaFVJJGOwY95S7Ah+jCKvU1ItrOE0bwF6xP2OUe0/weS9EQY6ZsYwr4IF3nToiAGNgXPrDuD06cM43vwjOJbM3MRYoKh1LdhGe2L+Ig8EJxfIZSNUHFZ130XMdlf8uD0QyUULKukFULqqLWzu+yIg9ImSVhzvvVNS+t54BJ8Jh03TznBycsLHTp9h9v4rCPEcjGpZ/FOLKj3ww5ruiP/lc3zUbTr23qE2idEVWZYDS0tLbN6wUTnTHulhXtha5Bts3fYnVq1ZLb3WY9vvY2Rr6o89wUiVClap8u+gxP1z8NUYCBX3r+FC/JuoUvIWjvrekq5TEPdw2S8c6WUqoJokR0G3lD5kqXl/mpqK9HffQ5UyaqHNO+kRuzFliBeqfTEen7avK1lxygevgriP2ymOmO55EBu+tselmVOw4uwD5UPtQLvtli1bVjljzIlOXTrLE6D1QiE7dOzbBoVu/IwhgwPQpcv7KKx89B/JiPD8Hz47ZovRkweifR1LyXTMBem3sGvy1zhWfQgmDeoAB/JqZCQRrN8Xs78QWLVgBdzXroOX1URM624tfVIYxcoA/qevIe6ZxSfw5Po5XIh7cTRIxMcgxXEydnpvxCSHy/h+6CqcS9KdqRgVFY13KlRQzsyPLMWIQoQdGzfScmTHI/h7HIZNz0Yo/8xvp4LUAyPaFMGVzYcR8K/0v2s2R4/y57F6sRuOhT5AYoQXfl96GgVs6qGlU2Vc+XUZVh+7icTEW/D+fQ1OF3wLha1b4dOPn2LvAX+lu+9f3LwUhBrDO8GhSBGpQL6JlKh4PBJPkXgzEIGJqXj44PHLBycLFMabBZKR8O8TJN66jounjuCg/A8E0qSCGyV/QYr0XTmFfhdA4TcLIi3hXyQnRiDkThA8lnshrkAlNB42AaNbpErem/ZmW6mBC7wKg3ni4FAHt27dUs50QTrSUlKRIkecFkKljn0xpFIBFOrqjA7WRTIueY5Y+O05hofycTLuRd/NqIepCXj4OIdejLsXsHd/XMZx2gPERGXMV0p9+AAPws7AM8QBk4e3hl2dPpjx7ceoVpQamTKo3dwR2Lsay7b5IzYtGbGXdmCxezwqln1RAp/e2ocVJ2JQoGJTDJs6DE3j7uFhcg7d/Frm+LGjqFq1qnJmfmTrIXfr3h3Hjh5VzvKIiMWlTYvw3S93kBwSiLAnqrWRhriAK4gsKBXaG2uxYNEOBDxthilrv0ezkOUY1vYDtJl4BnYj+6BOsQpoPdUVs5qH4qfB7VCv5TT42PXH4DqlJE2zxEdzV2AyNuIbinRb/RM2pX6GJQPel6pHWTTpOxC1Do1CI7sumOGTgAp2LdCkWBwiH0Th4ukAPEYELp29KlkmgfA+HwIkBuDMRamSlKsjuetpWNu/JyYdewK7tv+HITa7MMqxM77cGg+7NiXxz/f/wx/e53DG/y5w+zLOBt1GVOAZnA9JxGP/c7gYWxL1OrdF4T8Goe3E40gpLtmKp3/C9IXrsFPyPr0qjcbwluWV55F3Tp44Ic8PY8yTps2a6m6+Ck163fUXNuz1xb71f2H3pViIYg7o/lkPDOnfTDI6HyPMeyc277kgXRyBIzu2wyu0BJoN7gOr7Z+jadsJ2JpYBa3LHsDsiX/Ay/cc/BOTcfuSH4KibiPQ2xchuCt5NlcQW7YJPh1WHh7DP0S7L7Yjwa4e3j78Ayatp/GpRNw/vwaTev8fXJw7oInde0o0qwUqdZuMlSOKYd/knmhq1xKjtwLO49qhpCRgJ3ylOhtyGv+cCUei3CQl48zC77Fow1Zs/PM0Ki0agpZldDNqpHqz5rz+Z7Zr05GFTVuK05bX+TLxldE66jpXvKitedO3d295BQaz2IGZplv89SO2lB+OmV2qKl1+yYg744aVUV0x08lSTjF0aC1BmiPYvn17JcX8yNYzom4esrBpfTrGONixfbs8V4GFyLwZO348vp0xQzkzceK88dusQJQorTE6lfYQ4cFF0LSxcYy/0KoZtJZg8+bNlRTzJFsxImhdOprNry4xwhgu5ObTIqm0HBBj3tCWEbTW2Yb165UUE6Zcc4yYUx0nvmyB961tYGfbBp/O3Y+EFr3QrpI8CcSgod4M2or862nTzL4H6qWb66n7tnPXj+GidqnOnTeP965hZLhMGAdfjB4tB53wTs0v8YwIWjOJ9s6njbp4NWjDgywr2lOfPCJudBgV6mb/bfVqectx3nTRMFE31WMhyuClYkR87OQkjx+xIBkWlBe05ThZVrx3DZMZCmCgnV5ZkAwLMiAXLVworyP44+LFSiqTKzEiSL1VD0lvk+qYZ1AeUF40a9aMLSsmW8hb3u7pgenffANPDw8lldEX1H1KBuTDhw9lIeJIZQ1ozOhV8PHxEW1btzbrBf30DT17ygPKC4bJDZGRkaKPi4tYuGCBSEpKUlIZXeLv7y/X2/Xr1ikpjCYvDWDICuoe+mHuXPl42vTpHNigI/i5M3mBuod+WbZM3jiTtrqm8WAm/+Hnnjty3U2nCTWCy1esQMeOHdG6eQs5hJQeOJM/0LOlZ0zPmp45PXsWIuZVoS6hyVOmyA0iRcjSREt1+Sgmf6CxOpqITtACAixE2fNaYqRCgQ1n/Xxx584d+YFTnzSLkvagZ0nPlJ5tUFCQ/KzpmTNMXqAGkRpGR0dHNGrQUI7qYlHSLiRCtBLGz0uXylGNZATw+FDOvFY3XVbQgPpaNzd5xWgKdOjYqRM//NeEROjg33/jJ6kgN2veHIMGDzaPpV0YnUMi5L7FHT8uWIBJU6fCpbcLL7KbB0iESIAIWgmDp1vkHq2JkQqJksfOnfhtxUq5cHfv0Z27lHIJjQnt3rVbXvWCRYjRJaooqWXvExcX7lLKJfTsaIHizZs2yecsQq+H1sVIhTKIBuxoiZoKFSpg6PDhaNCgAVtdmaDn5Ofnh507diAoMFCevErry/FzYvQBeeXe3t7yyt8xMTFyeaQFPNmgfB56Tv7+/vA6efKZ4d2ufTs2HvNAvomRJrSkEHU7UabR5l89nZ3NWphUATp86BC2SdZo73595S072JpiDAlNT50MSiqj5ixMmgJEhrZ9zZpyW0YLnPKQRN7RiRipZM5MtYDXdnBA9erVTTZD6XcHBwfjckAAfHx88Pe+/ahdtw4uX7ykXAF5M0N27xlDhQzKUz6n5A3gyGOiFVnq1quLGjVqmLRRScMOgVeu4Ny5c/Lu12xM5x86FaPMUEafPXPmWQNNGU0rCrxna2vUhZw8n4iIiOfER/1tJLzUF0+Ve6u7+wvbu5Mo9enblwNAGIOFPCaK7qTNN6n8ftCokewx2VWzg729vdF6TmQ0RkZGPic+VB9bt2krC2+9evW4TuYjehUjTTIXBIrKCw+7hT79+8kFvELFirCysoKlpaXBFAj1nmmb55joaLmC0n0TNAhMobM1a9XK8Z41Az40qWptJUcltmzVii0wxiChsnvk8BGs/+svpKWl4e2ybyM5ORm3QsNk44vWTKxUqaJcB8qWLWtQ5ZjuPS4uDnclL4/aG9pP6NyZs8/aGzIaq1SpwnVPhxiMGGUFeRjx8fGyQEVFRUsNf8QzT4IKe5kyZeSCU6JECRSXXiRWKnkdSKTCqkJi8zgxEYnSiwTn/v37srdDUOG1tKyS50pHv1UNsc0Mh9wyhgIZYGqAAzXemaH60L5DB9k7ymykkXFJngbttaTWGYLqjUpejU3y2pKSkuRjVWwIEhxCs/2wtraWhwesbWxQrlw5DtLQMwYtRjmhigUJFaGKFaEpFlnxUdcu8ru/3wVER0XJx5lRxY7IquLkV9QMiZIahUiVV5MRo0fBqWdPjthhdI7qBWVlLKldy7nx4lWxyGzgqWTuttakWcsWKFWqFMLDwxEYcFlJfR5V7IjSpUvLYkOQ4BQrVizPYsfkH0YrRq+LnbWNcpRBSFiocmRYkAWqTnzNLEpkffI8ECa/UaM+s/OCyDiisU1dlUPNumuo9ZZ5fViMjKBQq7O6MzcIZAVyBB6jbTSnYmTmVbwgbcNiZNqwGBlRoSZR2rtnzwtdGdRA0KRinu/AvC7kBamrCGTlBdG4ZdNmTfXqjbMYmTYsRkZYqKn/ntYBzCxKagQeh4UzuYUMHHUVgcwYmpHDYmTasBgZcaHmCDzmdcgpSIYw1KVtWIxMGxYjEyjUOTUuvGYWo5JdNy9B0aOGvrQNi5Fpw2JkQoX6ZRF4vAq4+UGh1LRSQlaGCnXr0rI+xrKyPouRacNiZIKFmkSJ1gDkCDzzRM3/9evWZTnfjrygAQMHGt3yNixGpg2LkYkXauqayapR4gg800Nzle2svCBj3w6Cxci0YTEyk0LNEXimycu8IOqe7dqtm0l4wixGpg2LkZkVatV6zhyBp44fGEwE3pNQeG3+HQtmb0DQW83Rt389FA49id0BldFvyngM61wDJSyUa/NEMmIvHcS29euwpdLXODyhAQoqnxgyOS3Po3pBprZJI4uRacNiZKaFWg0Lz6pLhyLwDGJQO80PSx174ZeGrvBa44SKknDc8ZiGj8YHYcCWjZjS+C3lwjwibmHb4I8xv94fOG3AYkReUE6LlNLyPC1atjTZ8UAWI9PmDeWdMTPIYh45aiT27t+PxUtdZWtahazt1s1bYMb06c8WpDUMiqByk5ZogiC4+9xEmpKaZywKoFAhw60KlAe/rvwVDvY1MXLY8OeEiMb+KP/O+vli8pQpHJjCGC0sRmYOjRN97OQki9K6TRmbianQ+FLnDh3xxejRciCE/hFIvR+HGJSBg2UZFFDS0qK8sHr2HCz8fjg6tJuIjYEPpVTpk8TL2Dh1ChZJv2PF2EEY734NT+S/oc8CsX3Od1joth6rZ83GKt9HyieGAXmunh4e6Nu7t5wHmbvjyAva7umBTVu2yPnHk5sZo4e66cwJWyvr517Mi/j4+Ig+Li4vPCtKo8+SkpKUK/OZVF/hWk/630N3iqjUWBHs5S5mf9JQOH6+TlxJSMu4JiVQuPWdLDzupEgn94TX9x8K2/bLxaXkxyJwlfQb6G+lT1J9l4iG9t+Kow+fCpF+V3jN6iNG7rwl0uk7nl4Vbj1qioZLfEUqnesRf39/sXDBgheevfr8PXbuFPHx8crV5oXms2BMD/aMmBegrh6yuPcfOihHY6lQ99DAvv3QtXNn2WqnMQydELwHv0wYhG79FyCk4x/459cBqFkiwy96GuKFTdef4PbpvdI9HUVISgngug/8blnApv14/DK6McqJBIRfu4WUpPt4mJQOEe2NdW6l0e6DSpBjIN4ojrfKF5G/Tx9oekG9PnZ6YZ04GsOjvGAviDFlWIyYbKHVGubMnSs3hNQgqlDAw8TxE2RRorEMakzzlerd8MW8ORjfKA2ndh7GlQdPlQ/SEHstACHvNUEXqZH+2MkZg+Z4IiRsPQZVexNFrWvBNtoT8xd5IDi5wLPC/jQqFOefFkahgloJx3ttqOuTxuUaNWgoP8/MY0G/rlmNgKBAeWyPV85gTB0WI+alUENIDSINkmcWJRrLoMY0v0XJokQ9DFswHR9G/4ox3+1GRBqNClmgSPHiKOR3AUFxGuEMT27Axy8SEZ7/w2fHbDF68kC0r2P5LErujZJlUAVhCL2jI89OA3pGG9avx4dt2shepua8Lwoi0fSC2rdvz3O/GLMhf8WI5oq4zUB3WxvYNRyAmUt+xOwxH6NRm1FYuu8aErUVVJ52F5d2rcDUXr2x1C9RSdQ2Qvo5J7F2Rk/UsLZDowHT4bpkFsZ1bY4PRyzF/uBH8qB53hFIi72IXSum4pNWS+Gn0caK2H0Y7zAZ+2PzEkeWjNCNw1DDcS68E9KVtNyhRuCRtZ5VBB6JUv5F4FmgkE0PfDv7E7yxaw5mugVI5acA3qrdGG1wACt+3olLscnSs/PHth934WGlFPjtOYaH8t8m41703Yzou9QEJJSrhy51w7F580lEkailPsTdu8lIT0mF6nNpG00v6LsZM58Lp6fleSh4hIJI2AvSBo8R5rUWM7s6wM66OT6dsQius75A94adMNJ1P64naiuXaY7abqyc4oI2rn4a0Z2Sx75vMuqN3YfYvDQK6SHY2KcBmszyQoKS9EqIO9g/tgvG77uj0TZld8+ZoesOYO38EVL75oFoJTVfUcaO8g/NQWg54Ym4vfMr4WDVWSw4fV9O0QbpEe5ikPSdrr4JSsp/HDp0SB4UpoFfzUFQetFg/MoVK+VrcoM8EG5VXwzfGaEkhAmPMc2EbZOF4sxjeThcC6SICPcRwrbeEuH7bEQ9VdzdO0nUHbNX3M3Tv0kX/948LNZuPi9ile9Jf3RWrNp0WSghAbmGnh09t6yCHaZPmyYHO7w2/94UJ/+cLrq9J31fg8+Fq7uXCP1XuuH0WHF6gbOo/l53Mfm3PeJSbIK4c/RH4VLPVvq/tqKh83diW+AD6VdKz+vkAvnvq7ceJX7ZslyMbVBNNPxkhfBNSBEJVzaKca1rZvzNJyPE8I86i+Hz1otjNx9lBDVogcjISLlstW3d+rlnQy9Ko8/oGiZr6NmMHjVKBAcHy+eaz4+gYA56hlmTIHyXdJauHSM8oqgSSSXitqcYZ28rms0/LR5nXJR30sPE1k/rPh/8kn5b7BvTWYzbezuPZSlR3Dy4UWz2vat8T5p4dH6T2Hwpd3effnevGFd7kth3N1NYTlb3nCUPxZn5HTXa7ux53TZEEz2IkUTUTjFcKlBajV6SvzNrMaJGU20ANAu0ZlpuI5ReECPpF0TtHCN9R9b/+/VQvlNTjLRWwDORGimOzuopHPOYFy+LwDMXqKzR76VGNPOzoBel6zQi0chRnyOJjuZzVMta9mUrsxgREcJjaP1MRl5eyfhOzbYsWxHIE5KY3jksZndxymU7k5Px+uI9Z43yDF8mRlpqQ/QwZqStuSJPkRi0A3MlF9xt42+YPWM1/OT0F6F+d+qLz7zSAEFpNGfj9SOUUnA/Ng4oYAXL8oWVtGREef2JObPnYdawLugwdhMC5a4B6Z4DN+PrcYuw0X0ZxrtMxdZgpVtRPETQ9kWYueB3bFw9D9/+5pORriDi/PH30Vro5Fga0Ydm4UPrWui+8CRi7wdi89g2sKv2GVb63kWaSMDNTePRYMR2hD+4CW/3xRg5ZjHcZjujhu0guPlewXG3mUoX4FM8vH4aR3ykZ3rlOHbv8kHYk/Rs8yInXhaBR2MkOo3A0zG0zBKNm1FQB/1ezXXiqDvz+zmz5TG35StWyM+Kx4JyB60uTmSeZ0Xlip7rK03yVbpjC9S1RPmMhgdIuw2v1fMxZ8G3+LxdV4zfeDlj+ECqj4Ebv8OEhWuxdflX6D3WHdefZNSCnOeopSHu3FEca9sWH7wVjUMzu8DOuhcWed/G/eAtGO9oB/tBv8E3Nln6nmvYPKYLRm69jgeh3ti6ZDzGuf6KOV0dUMNpDfxCjmPtjN4Z3WniAa77HMepK9EIPL4Xu7xDpXYwu3ZGQtzF+QNX0Oajeihn8ZJ7zu4ZvEBW/y9Fa22Ibj0jLc4VSb93QsxuP0H5GyGeBv8pnHLwTsjV17SsNF80tyO3/OcZhYvU2GvCa8cc4WLXQoxwuyQSZAskXaRccxP9Ru4Ud+j8sZeYVbua6PiLv0hOuyJWdXBUvKoMq8Nh+lHJGU4T97zmiY4jlL8R/4rgP/trWHCZrJxkf7G8fV3h9OdVIT0JkXxxuehoNURsuPlEufYHMcfrrkiIOC82TGolbD/4XhyNuSMuHfISV25eEYeW9NX47kxWUrZ58YJ5lSP0vLOaL0Oe6Pp160xirozaTZmdF5TnrkpGfsZZ9WjQi8pR9mh6Ro9F7DUvsWNWH/F+g9Fi7RXqxiUeS/VstBglzzdLl6rqbFHXylksv5gg0gJXiU6qVyW3Ya3EjKOx5PbkPEftuR4MtW72F27B/0ofJohLvzgLW5cNIpT+mK6dukR4PXwoIi5sFJNr24rGM46ImLuXxOFjASL02kHh6lz7v+9+rvcnh3aGPtX0znK85+yfwfOeUU7/TzttiO48I63OFUlB9PFtWFe5KRpWLCR/xxsl30J5+ShraFBYc3UBFUqrW7eucpZbEqWf8zMmDuyFQVNC0cFjD1YOclAW7nyCkOMHcKNgJE57esDz4DWkWBbCjYMXcMvCCh2+m4+RTcpLlsptBN98iKToB0gSd3Dir/2o1K4+KsrfURAl39Lw1DJZOShcAx3610bAjpO4lgoUkn772/DHofN3JOPiDnyOlECH+uVQwrIG3q9cHKhbB++/UwkO7Zujpk111LYpl/G9WZB9XiQrV+QOet60PE1WEXg0gP+yCLxFCxfK3oYhknl5nuy8IAqL5+V58gZ5kLSAb1bQQrAv5wr2LpuEQZ0HYFpIR2w//jM+rVk6Y37Z0zAc2xiMQrdPY5eHJw5J5f5dXMUhv9uwsGmPmb8OQWOpwiWGhyA0OQExD568dI7afz0Y70ifW6Bw7XboVzcQO47dQCoKoWSZ0sD5kzgfmSJ913kcKdsM9UuVgmXtGqhcsBTqNKyOd8o7oF3r2rCubg+bMhnt24vk0M6ka3hn5QrmfM85PIPnw5ty+n/KJQqv24boToy0OlfkCaJCr+NpoUJ4lakitH9PZvr07ascvQolpJ/zJeYu+BIN08/Ac+8VPHjmg8Yj+Ew4bJp2hpP8ez7D7P1XEOI5GNWkQmBV913EbHfFj9sDkVxUCTZ+GovQswkoXKhARmHJxPMFnCgKu3Yfo+WV/TgadAcXpAwv1KI8Tq4/juvh53DSthXqFXuFB/OMnPKiqHLNq6FG4FHj/CoReNWrV8fA/v3zfw6TBocPH5a7ErOCuhfp85ctz/PPsWPoP2AAT0zVIrRob2aoKzh3z7gWun45C/MmNke61x7svXL/v+6i2GCcC66Cxl0+lsq6VN4Hz8HesCvYObgG3ihaFXXfi8GOeUuxI/gxiijdejnPUXteBGTesMGHAxrjqvtxXH14CR67ktGs2hlsOHIV4V4BsO1UC8UyrnxFcmhnLJ43XnO855yegXJJBjm1a8olMq/fhuhOjCS0N1dE8hzKSAUxKAx3kl/aE/kM2kguMy1btVKOXpUCKFHnU8yf3w4xK77B956hUjYQhVGsDOB/+hrint2awJPr53Dhbgh2Tf4ax6oPwaRBHeBAXgshiVSZqqkICo3Bi7ZDFgVcwsKyMZw63MEGt1+wMaI75v8wDC0vu+PH2d6o0baadBevQ055EfvyPt8coIZDXQOPRCmrNfBIlC5evKikZnhRM2fM0Mk4E3k65OXUrFVLScmA7oe8tNwsUvrqHjaTG2j1eAp/14T2aMo1Fm+hzvD/YW6Hu/ht9ALsilBWKCwieQiFgnA2KF6jbCfiuvcl3A3fjSlDvFDti/H4tH1dyWvJ+DTHOWqZezBkCsOyRSd8GLYTbos2I6LP95gztDECt7hi7pHKaGOvtAGvTPbtjF/gueeM1xzvOYdn8N/3Ejm0a3Gpyjnx+m2ITsWIblQ7c0VSUNq+BRyid2PLkQgpTQ2KeIqU1OznzmQ1aJw3C/ZN2PT8Ct+7FMSeyXPhdoUG6cqgdnNHYO9qLNvmj9g0itffgcXu8aj49LLUGMdl/GnaA8REPZYPUxNKwL5rHdzduAP/RJEcKUER6alIS4uRCrg/6re01yjgEhaV0axHC9zbcRHv9G6FylVInOJwPPEDtK/xKrZWARR+syDSEv5FcuIdxL1dJ5u8eEsu2HmF8oBEiYIdslqYlZbDIe8jNjZWTqMusEkTJ+arIJEQqZ5O2bJlZW8sp+V5eJFS3dPT2Vk5yoC2TH8lCtnC6btv0OuNnfh6hjLQ/1YNNG/3FPuX/4btl6S2heYrbv0VWx+VxFO/f3DwPjWdAmnxMYiSG54UJJR+P9s5amnUg3HYCi0cyj1XVywqNkKPzonwPFIRvTvaogqJU8gFJLZqiRqFXqFWFSiMNwskI+HfJ0i8dR9lHT/Iop2JxhthXvinYSPUVozXN6w+yH5eXbbP4G2Ufe7WcmjXyhbVThuijB3lD/k5V+TRPXFlw1eiLX23laNw+XKI6NL6czF//XERqgZGZAHNTVAHQOk499D8nBPCbbqTqC7do+PQxWKr101Bw5Lp97zFwi61RfWPJotVnhdFbEqkOLqgn2go/x9H8X8ztolAuqf0aHFydk/p72uKtp8vFVt+Gysc6d5/OS8eJQSIDWM6Sp9Jf1PvEzF2aHfRdug8sX79D8KlxkixNZyGJTPx6KSYPeQvEZxCA4NpIv7gbPGFOkgpnSfcPCxc+zcUtq2nig2nb4mEdCkt4rzYOr2zsLUbIpafDJPSUsSdvVOk+5B+kxxU8jibvMg/KICEBvs1B6czvyhIID/CoTOHDOe0SCkFK3BItn7QDECispIziSL0pJuYIdVJW6sWYvgSd+F1M1FKTxP3Ti+W2pPaosuklWLXxbsi5c4/YuEnjhnfXc9FzNx2RQ5ESr97TMyhv3+vvRixbJ1Y9WUr6fNPxXLf2GzmqP0pNszvK2oOchfhL1SWp+KR10Ix9M9AIYdbSe3AwakzngVfifRHIvSfpWKgXTXRdvJ6cSY8QaSnJ4gI3y1iRutq4v1Pl4uTclqE2DdWug/pN8kBU1m1M4/Cxb4x7cVg95sadVaq99nOq3uYzTN4ImID9yvtxwyx7cpdkUoh3Fm1a9Kv0kYbYnab69HYBHUJEWTdcteK4UB5IxkIL3giKhQIMWjwIK2FRWt6RNlB/7Nd+3a8KoIBoG6uRwEiNC7HmBY67qbTP5qNCg2SM4YD5U3HTp3wrqWlkvI8JBzUZZfXoAb6exqfyk6IqOuQFyk1PNT5a7UdHOR3xrQwOzEiaDCUGhyeeGg40JgQBQrQGM3tyEgl9UVoDOn/nJ1fe/07ioijv6fxqexo3aatHOzC5cOwsLe3l9+rVKkivzOmhdl10xG0anJCQqJs9TKGAXkrJ0+cUM6AxMREBAUFKWeAj7f3CytoUCQbBRDkBhK7uXPm5ChCmpDBMk3yniiSizEMKLJx/g8/yIEjjOlhlmJEKyg/fvxYXqKfMR5oEmx4eDgu+l/E8WNH5TBrimz7csyYHL0YasQmjBv3TMzIK7a1s4Ojo6N8nh3vVKjAk1YNCDJYfl+zRg6jZ0wPnYkR9dHn1io1R0LCQpUj44PzNmeMOW8pxJ02/mOyhtZi5DFF7aBTMRo0eDBnXBZQlJCxixHnbdYYe96qK1LktjvUnOByr13MMoCBYRiGMSxYjBiGYRi9w2LEMAzD6B0WI4ZhGEbvsBgxDMMweofFiGEYhtE7LEYMwzCM3mExYhiGYfQOixHDMAyjd1iMGIZhGL3DYsQwDMPoHRYjhmEYRu+wGDEMwzB6h8WIYRiG0TssRgzDMIzeYTFiGIZh9A6LEcMwDKN3WIwYhmEYvWOcYiRiEbDLFZ83tINdtV6YstgVS13p9SNmj/kYH9R3hV9KCDb2aYAms7yQgGTEXjqAtfNH4MMRHohWvib3PEVi6HGsnTEY4zwilTQmX9Bp3iYjymslRrapBTtrO3zgMg/7Qx8rnzFaJzd5m5aM0I3DUMNxLrwTniIt9hL2u83D520mwDM6Tfmi3CCQFnUSK0Z0QA1rG9jV749Fx27jVb6B0S3GKUYW5eHQ4xN0rV8KKNECfcZNwPgJ9JqEmT+vxOwOb0q/rBKaDp2MCd1qoASKoHydZrC3CEP4U+U7co1Aaqg3/r5wCad2XMK/SiqTT+gsb6V8Dd6GRUcrYey20zi970d8/Hgjxn/jidB05RJGu+Qmb1EYlZr2xfRJH6FGiQIoWN4BH9oXwPmwV6y4qcHY9kcYmszZg2uhF7BjuAXWjF4Fr0ecuYaK6XXTWVRAy4m9UL1Acdh06IveDcrDQv7gDRQsXEA+ejUsUMimFXr1aI73iyhJjH7Qat4+xtWTj9Hjy+6oWa4kytXsgXGTnVHk9Glcusv2s855lrcWKGrTDp/2bohycuZaoEChQq/cUInHhVFvqAsalJcqrcVbqNmkIUoWL4xCGQWGMUBMS4xEDA7N/B3BZd8GwqhbrTfauPpl45pTF82fmDN7HmYN64IOYzchMPGV3SZGV2g9b0vAYejnaFNGFbE3UKzUWyhcqQoqlXodo4V5bZ7lbXkUf3wTx91m4pNWS+GXZeZS95sXVs+eg4XfD0eHdhOxMfChlPo8Fm/Z4P2KivUo7sHvyC04LRyMxiVNz/42FYw/Zx55YN6I4fh8mPQaOATf7KE+/zQ8SUvB/aBAJGZclQnqotmMSRvKYOiMb/Dtz9PR6uh3mLD2MlKUKxgDQKd5m4Trvhfx7oD2cCjG5nO+k2XeCjx9korU+zdwISGzvCikXsWGibvwzrCpmPLdQvyvtT++HbcBl1Oyuv4pEoMPYMW4gRi4/AjOeF1FbFo238voHeMXo1JO+Oa31Vi1ZhVWuH6D3tUKSolFUK6aPWzKFMq45gWeIOT4AdwoGInTnh7wPHgNKZaFcOPgBdziLmXDQYd5K+6fweajH+C7T+uARi6YfCbLvLVAwXK2qG1TLuOaLHga4oVN15/g9um98PQ4ipCUEsB1H/jdSlau0KQASlT/CKN+WIZV09sh4fdv4Xo0VvmMMTRMyGeVCnL5Rug7oRneeemvikfwmXDYNO0MJycnfOz0GWbvv4IQz8Goxl68AZLPeZsWicPLveEwdygalOQuOt3yKnmbhthrAQh5rwm6yHnrjEFzPBESth6DqhVVrnkRixLvofWwKZjaIx3/XI7MpmuX0Tcm1vQWgWXThrB86a8qjGJlAP/T1xD3zGsXeHL9HC7EcVE1TPIpb8VDBG7aiRjnMehlQz7RUzx+kMANlk7Jbd5aoEjx4ijkdwFBmnn55AZ8/GKlXM4Bi1KoYFMZDpZlJH+JMURMTIxySxnUbu4I7F2NZdv8EZtGc1V2YLF7PCqWpe4Cxnh5hbwlIfrreyyKs0NNqUG74OcHvzOeWLntKo8dGiQF8FbtxmiDA1jx805cik1GWqw/tv24Cw8rvSVJlQZpUfA7fAZhauDKkxCcudYKI9tXff46xmAwTjGSJ89txd4Lj4BHJ7Bz/QEEaFpKIhGRfj44H5KIx/6ncToiHnFBXjjhexcI8YV34AOU7zYZK0cUw77JPdHUriVGbwWcx3VApSxKqkiMwIUjJ+CXmIzbl87i7PU4tpzzC53lbTKijq3E1Fk7cfKn0XBx7pXx6r0BxRrZo5hyFaNFXpa3FHAQeRFe50OAxACcPn0LD+IC8c/xi3iMEJz3DkJ8+Y/w7erBKLbnGzg71kKTkR6w6PUZPqqUaQzxSSROuA5D+5Z9MWXBEiz9PRgN/zcSjZ9FTzKGhoWQUI7zlRnTp2PQ4MGoVq2aksKo2FnbICQsVDkzPjhvs8fY89bTw0N+/9jJSX5n/oPLvXYx0246hmEYxpBgMWIYhmH0DosRwzAMo3dYjBiGYRi9w2LEMAzD6B0WI4ZhGEbvsBgxDMMweofFiGEYhtE7LEYMwzCM3mExYhiGYfQOixHDMAyjd1iMGIZhGL3DYsQwDMPoHRYjhmEYRu+wGDEMwzB6h8WIYRiG0TssRgzDMIze0elOr23atoWVlZWSwqh07tDR6Hd65bzNGmPPW9rpNSoqGu3at1NSGJWlrq4YP2EC7/SqJXQmRhvWr0dQUJByxmRmzty5ypHxwXmbM8act6dOncLePXuUMyYzo0aPxrvvvqucMXlBZ2LEMAzDMNnBY0YMwzCM3mExYhiGYfQOixHDMAyjd1iMGIZhGL3DYsQwDMPoHRYjhmEYRu+wGDEMwzB6h8WIYRiG0TssRgzDMIzeYTFiGIZh9A6LEcMwDKN3WIwYhmEYvcNixDAMw+gdFiOGYRhG77AYMQzDMHqHxYhhGIbROyxGDMMwjN5hMWLMijQ/V3xgbQO7F16N0Hv2blxPfJrzdbadMG7NOcRl3h856QwWNrWTPh+FbREpSqImyYg+sx4zezX677vq98bMtWcQncabLTMMixFjhlSF8w/r4b5ju/Jyh9vCzkhym4ZJay/hX+WqF67bvhaLBr+Ng3NmYKXPPeUaQiAp4AQ8oyQhe3oGe0/fllI0SUbUUVcM7/czrtp/jmUb3KXvWodlo63gN2sYhs8/gVjWI8bMYTFizJDiqPx+XTRo0EB5OaLFJyMwumsJXPE8j7AM50gi03UNW6HnxC/Rr+QNHPaPxLPLEI+zu/cgrs1YTO1bEifXH0dIuvKRhIg6jIWT3FFs4m/4c/YwdG7uKH1XC3QePgu/zm+LkDVLseHCI+VqhjFPWIwYhrAohQo2ZYDYRPybk5dSoCCKvFEEbxcvAgslSdy7gP077qFBx25w6dQGxS4exLFrScqnKYj02oN9j9ph8CcOKKH+kUxRVOk+AWt+HgbHMgWUNIYxT1iMGIYQjxATeh8FGtmgUja6IBJvwfuvtdhWsAP6t66qVJ40xJ0+iF1JdfGRYxWUqtUYHxY6j23/XJdkiHiEGxcD8bRBfdiXKyinPEdRGzTv0RXNbYorCQxjnrAYMWbIY9y5ehF+fn4ZL18v7P3pe3y3tzKGfdYCFZ95L0H4xdnhWcBBtdptMGjuSVTq7YzWVYpmXCLuwGfXcaTWbY9mtkVhUa4eOnUuixs7juGy7GI9wcPoBKBkMRR9zitiGEYTFiPGDAnHjmkD4OLcK+PVayDGLT2CN3oNxYCGZZ91v70Y6LAZa+Y6If23sRi7/ipSpStE5Bl4HLqHCg7F8NBfErYLEcC7lYEbf+PwpYfSFYVRrMybQOwDJGiMIz1DJCIy4AICIhMzBT0wjHnBYsSYIfb4ckcAQsJCM16hl3BwcS/A/SesOXNfuYbIHOjQGG36f4WvB5XFuY1eCHmajLCTf8Pn6VPErJ+KPrK49cGYlX7S3wZjx9+XkYBSsK5lAwReQUh8WsbXaiCiD2OO06f44USMksIw5gmLEcNYlMR73ZzhXDoYnmfD8KJkaPIUqSnKFelhOLHlFNBmIY6GKsImi9tprHSphLjNh+D7qDBsW3dBo/RDcNsagMTn3J9/EXr0AI6jMbo3tdTwyBjG/GAxYhiicEW8V6800hL+VQIPiExjS37n4OW+DIs3PYRjvxaoGnQEGy+WQmeX5rDUVBKL8mjy8Ucol3QQHl7RsLDpge9nt0LowhEYMnMN9nufyxinWv41hs08jToTv0AP6yLSHz7B9a0z8fmwmdh2/UnGdzGMmcBixDCERWEUL1UYicdP43KCOoMo09iSswsGf+ODd79ahiUDquDmySO4UexDdG1SIZNX8wZK1m8P50qx+PuAP+JECVTrOxdbVn+Ksl6uGNPfRR6n+mrrE3y0eCN+H1VfCflOQ0KkL/457IvIhJz9M4YxNSyEhHLMMAzDMHqBPSOGYRhG77AYMQzDMHqHxYhhGIbROyxGDMMwjN5hMWIYhmH0DosRwzAMo3dYjBiGYRg9A/w/4pNuYhYvqwAAAAAASUVORK5CYII="></p><p><br></p><h3 class="ql-align-justify">Um problema potencial com o MAC é sua falta de flexibilidade, pois ele separa acesso em blocos tão grandes e não fornece uma boa maneira de agrupar indivíduos com requisitos de acesso semelhantes.</h3>', 'Autorização e Controle de Acesso', false, 'WAITING_FOR_RESPONSE', '2021-03-16', 1, 12);


--
-- Data for Name: questions; Type: TABLE DATA; Schema: public; Owner: -
--

INSERT INTO questions (id, creation_date, description, status, type, update_date, topic_id, user_id) VALUES (1, '2021-03-13 05:55:02.685', 'Java é:', 'APPROVED', 'QUIZ', '2021-03-13 05:55:02.685', 11, 1);
INSERT INTO questions (id, creation_date, description, status, type, update_date, topic_id, user_id) VALUES (2, '2021-03-13 05:55:02.705', 'int x = 10;<br>System.out.print(++x);<br><br>A saída será:', 'APPROVED', 'QUIZ', '2021-03-13 05:55:02.705', 11, 1);
INSERT INTO questions (id, creation_date, description, status, type, update_date, topic_id, user_id) VALUES (3, '2021-03-13 05:55:02.723', 'Pergunta 1:', 'APPROVED', 'TEST', '2021-03-13 05:55:02.724', 11, 1);
INSERT INTO questions (id, creation_date, description, status, type, update_date, topic_id, user_id) VALUES (4, '2021-03-13 05:55:02.756', 'Pergunta 2:', 'APPROVED', 'TEST', '2021-03-13 05:55:02.756', 8, 1);
INSERT INTO questions (id, creation_date, description, status, type, update_date, topic_id, user_id) VALUES (5, '2021-03-13 05:55:02.772', 'Pergunta 3:', 'APPROVED', 'TEST', '2021-03-13 05:55:02.772', 8, 1);
INSERT INTO questions (id, creation_date, description, status, type, update_date, topic_id, user_id) VALUES (6, '2021-03-13 05:55:02.786', 'x = 10 + 1;
System.out.print("x--");

 A saída será:', 'APPROVED', 'TEST', '2021-03-13 05:55:02.786', 10, 1);
INSERT INTO questions (id, creation_date, description, status, type, update_date, topic_id, user_id) VALUES (7, '2021-03-13 05:55:02.816', 'Considerando que uma queue seqüencial utiliza dois apontadores para indicar suas posições de final e início da estrutura, supondo que a queue foi criada com os apontadores apontando para a posição zero do vetor, qual das alternativas a seguir pode caracterizar uma fila vazia?', 'APPROVED', 'TEST', '2021-03-13 05:55:02.816', 18, 1);
INSERT INTO questions (id, creation_date, description, status, type, update_date, topic_id, user_id) VALUES (8, '2021-03-13 05:55:02.83', 'Leia com atenção as afirmativas abaixo e assinale a resposta correta. A estrutura de dados que melhor representa os diretórios ou pastas de arquivos do computador é a árvore II A estrutura de dados FILA é não linear assim como o Grafo.', 'APPROVED', 'TEST', '2021-03-13 05:55:02.83', 18, 1);
INSERT INTO questions (id, creation_date, description, status, type, update_date, topic_id, user_id) VALUES (9, '2021-03-13 05:55:02.845', 'Considerando que uma queue seqüencial utiliza dois apontadores para indicar suas posições de final e início da estrutura, supondo que a queue foi criada com os apontadores apontando para a posição zero do vetor, qual das alternativas a seguir pode caracterizar uma fila vazia?', 'APPROVED', 'TEST', '2021-03-13 05:55:02.845', 18, 1);
INSERT INTO questions (id, creation_date, description, status, type, update_date, topic_id, user_id) VALUES (10, '2021-03-13 05:55:02.866', 'Considerando que uma queue seqüencial utiliza dois apontadores para indicar suas posições de final e início da estrutura, supondo que a queue foi criada com os apontadores apontando para a posição zero do vetor, qual das alternativas a seguir pode caracterizar uma fila vazia?', 'APPROVED', 'TEST', '2021-03-13 05:55:02.866', 18, 1);
INSERT INTO questions (id, creation_date, description, status, type, update_date, topic_id, user_id) VALUES (11, '2021-03-13 05:55:02.879', 'Considerando que uma queue seqüencial utiliza dois apontadores para indicar suas posições de final e início da estrutura, supondo que a queue foi criada com os apontadores apontando para a posição zero do vetor, qual das alternativas a seguir pode caracterizar uma fila vazia?', 'APPROVED', 'TEST', '2021-03-13 05:55:02.88', 18, 1);
INSERT INTO questions (id, creation_date, description, status, type, update_date, topic_id, user_id) VALUES (12, '2021-03-15 23:13:43.356', '<p>Quantas letras tem a palavra "palavra"?</p>', 'WAITING_FOR_RESPONSE', 'QUIZ', '2021-03-15 23:13:43.356', 12, NULL);
INSERT INTO questions (id, creation_date, description, status, type, update_date, topic_id, user_id) VALUES (13, '2021-03-15 23:47:50.927', '<p>Um ataque em que uma pessoa liga e finge ser um membro do departamento de TI para obter a senha de um usuário é conhecido como qual das seguintes?</p>', 'WAITING_FOR_RESPONSE', 'QUIZ', '2021-03-15 23:47:50.927', 33, NULL);
INSERT INTO questions (id, creation_date, description, status, type, update_date, topic_id, user_id) VALUES (14, '2021-03-15 23:49:20.289', '<p>Qual aspecto da segurança está preocupado com a prevenção de pessoas não autorizadas modificação de informações?</p>', 'WAITING_FOR_RESPONSE', 'QUIZ', '2021-03-15 23:49:20.289', 33, NULL);
INSERT INTO questions (id, creation_date, description, status, type, update_date, topic_id, user_id) VALUES (15, '2021-03-16 08:50:44.477', '<p>Qual aspecto da segurança é ameaçado por um ataque smurf?</p>', 'WAITING_FOR_RESPONSE', 'QUIZ', '2021-03-16 08:50:44.477', 33, NULL);
INSERT INTO questions (id, creation_date, description, status, type, update_date, topic_id, user_id) VALUES (16, '2021-03-16 08:51:47.693', '<p>A análise qualitativa de risco considera a probabilidade de ameaças, mas não o valor dos ativos. Verdadeiro ou falso?</p>', 'WAITING_FOR_RESPONSE', 'QUIZ', '2021-03-16 08:51:47.693', 33, NULL);
INSERT INTO questions (id, creation_date, description, status, type, update_date, topic_id, user_id) VALUES (17, '2021-03-16 08:54:38.478', '<p>Qual dos seguintes ativos é mais difícil de associar a um valor matemático?</p>', 'WAITING_FOR_RESPONSE', 'QUIZ', '2021-03-16 08:54:38.478', 33, NULL);
INSERT INTO questions (id, creation_date, description, status, type, update_date, topic_id, user_id) VALUES (18, '2021-03-16 08:55:54.472', '<p>Um scanner de vulnerabilidade pode ser usado para identificar vulnerabilidades e avaliar quão críticos eles são. Verdadeiro ou falso?</p>', 'WAITING_FOR_RESPONSE', 'QUIZ', '2021-03-16 08:55:54.472', 33, NULL);
INSERT INTO questions (id, creation_date, description, status, type, update_date, topic_id, user_id) VALUES (19, '2021-03-16 09:09:44.432', '<p>Qual camada do modelo OSI é responsável pelo roteamento?</p>', 'WAITING_FOR_RESPONSE', 'QUIZ', '2021-03-16 09:09:44.432', 34, NULL);
INSERT INTO questions (id, creation_date, description, status, type, update_date, topic_id, user_id) VALUES (20, '2021-03-16 09:13:11.789', '<p>Qual protocolo TCP / IP é uma alternativa segura ao Telnet?</p>', 'WAITING_FOR_RESPONSE', 'QUIZ', '2021-03-16 09:13:11.789', 34, NULL);
INSERT INTO questions (id, creation_date, description, status, type, update_date, topic_id, user_id) VALUES (21, '2021-03-16 09:15:37.369', '<p>Qual porta está associada ao e-mail POP3?</p>', 'WAITING_FOR_RESPONSE', 'QUIZ', '2021-03-16 09:15:37.369', 34, NULL);
INSERT INTO questions (id, creation_date, description, status, type, update_date, topic_id, user_id) VALUES (22, '2021-03-16 09:25:26.85', '<p>Um scanner de porta identifica que a porta 23 está aberta. O que isso diz a um atacante sobre o computador?</p>', 'WAITING_FOR_RESPONSE', 'QUIZ', '2021-03-16 09:25:26.85', 34, NULL);
INSERT INTO questions (id, creation_date, description, status, type, update_date, topic_id, user_id) VALUES (23, '2021-03-16 09:38:12.328', '<p>A única maneira de quebrar uma cifra de substituição é com a análise de frequência. Verdadeiro ou falso?</p>', 'WAITING_FOR_RESPONSE', 'QUIZ', '2021-03-16 09:38:12.328', 35, NULL);
INSERT INTO questions (id, creation_date, description, status, type, update_date, topic_id, user_id) VALUES (24, '2021-03-16 09:39:31.912', '<p>Quais são as primitivas de criptografia?</p>', 'WAITING_FOR_RESPONSE', 'QUIZ', '2021-03-16 09:39:31.912', 35, NULL);
INSERT INTO questions (id, creation_date, description, status, type, update_date, topic_id, user_id) VALUES (25, '2021-03-16 09:40:22.264', '<p>Qual dos seguintes é um algoritmo de criptografia simétrica que pode usar tamanhos de chave de 128, 192 ou 256 bits?</p>', 'WAITING_FOR_RESPONSE', 'QUIZ', '2021-03-16 09:40:22.264', 35, NULL);
INSERT INTO questions (id, creation_date, description, status, type, update_date, topic_id, user_id) VALUES (26, '2021-03-16 09:40:49.83', '<p>Uma cifra de fluxo requer preenchimento. Verdadeiro ou falso?</p>', 'WAITING_FOR_RESPONSE', 'QUIZ', '2021-03-16 09:40:49.83', 35, NULL);
INSERT INTO questions (id, creation_date, description, status, type, update_date, topic_id, user_id) VALUES (27, '2021-03-16 09:41:22.954', '<p>Uma cifra de fluxo fornece integridade. Verdadeiro ou falso?</p>', 'WAITING_FOR_RESPONSE', 'QUIZ', '2021-03-16 09:41:22.954', 35, NULL);
INSERT INTO questions (id, creation_date, description, status, type, update_date, topic_id, user_id) VALUES (28, '2021-03-16 12:33:11.841', '<p>Qual dos itens a seguir não está incluído no modelo de ameaça STRIDE?</p>', 'WAITING_FOR_RESPONSE', 'QUIZ', '2021-03-16 12:33:11.841', 33, NULL);
INSERT INTO questions (id, creation_date, description, status, type, update_date, topic_id, user_id) VALUES (29, '2021-03-16 12:34:22.155', '<p>Ao construir uma árvore de ataque, o ataque genérico é colocado na raiz. Verdadeiro ou falso?</p>', 'WAITING_FOR_RESPONSE', 'QUIZ', '2021-03-16 12:34:22.155', 33, NULL);
INSERT INTO questions (id, creation_date, description, status, type, update_date, topic_id, user_id) VALUES (30, '2021-03-16 12:35:23.346', '<p>A metodologia DREAD é um esquema de exemplo para risco quantitativo análise. Verdadeiro ou falso?</p>', 'WAITING_FOR_RESPONSE', 'QUIZ', '2021-03-16 12:35:23.347', 33, NULL);
INSERT INTO questions (id, creation_date, description, status, type, update_date, topic_id, user_id) VALUES (31, '2021-03-16 12:38:59.319', '<p>Qual das opções a seguir não seria aplicável por uma segurança automatizada política?</p>', 'WAITING_FOR_RESPONSE', 'QUIZ', '2021-03-16 12:38:59.319', 33, NULL);
INSERT INTO questions (id, creation_date, description, status, type, update_date, topic_id, user_id) VALUES (32, '2021-03-16 13:57:33.835', '<p>Qual modelo de controle de acesso usa uma camada intermediária para determinar Acesso?</p>', 'WAITING_FOR_RESPONSE', 'QUIZ', '2021-03-16 13:57:33.835', 36, NULL);
INSERT INTO questions (id, creation_date, description, status, type, update_date, topic_id, user_id) VALUES (33, '2021-03-16 13:58:11.3', '<p>Qual modelo de controle de acesso usa a classificação de um objeto para determinar seu Acesso?</p>', 'WAITING_FOR_RESPONSE', 'QUIZ', '2021-03-16 13:58:11.3', 36, NULL);
INSERT INTO questions (id, creation_date, description, status, type, update_date, topic_id, user_id) VALUES (34, '2021-03-16 13:58:40.498', '<p>O princípio da permissão mínima aplica-se apenas ao modelo RBAC. Verdade ou falso?</p>', 'WAITING_FOR_RESPONSE', 'QUIZ', '2021-03-16 13:58:40.498', 36, NULL);
INSERT INTO questions (id, creation_date, description, status, type, update_date, topic_id, user_id) VALUES (35, '2021-03-16 13:59:28.551', '<p>No Windows, cada entidade de segurança possui um _______________ exclusivo.</p>', 'WAITING_FOR_RESPONSE', 'QUIZ', '2021-03-16 13:59:28.551', 36, NULL);
INSERT INTO questions (id, creation_date, description, status, type, update_date, topic_id, user_id) VALUES (36, '2021-03-16 14:00:32.044', '<p>Qual tipo de grupo de segurança do Active Directory pode ser criado apenas em um nativo modo de domínio?</p>', 'WAITING_FOR_RESPONSE', 'QUIZ', '2021-03-16 14:00:32.044', 36, NULL);
INSERT INTO questions (id, creation_date, description, status, type, update_date, topic_id, user_id) VALUES (37, '2021-03-16 14:01:20.689', '<p>Em um ambiente Active Directory, qual tipo de grupo deve ser usado para conceder permissões?</p>', 'WAITING_FOR_RESPONSE', 'QUIZ', '2021-03-16 14:01:20.689', 36, NULL);
INSERT INTO questions (id, creation_date, description, status, type, update_date, topic_id, user_id) VALUES (38, '2021-03-16 14:01:56.131', '<p>Ao negar permissão a um grupo para modificar um objeto, você adiciona um ACE para a DACL do grupo. Verdadeiro ou falso?</p>', 'WAITING_FOR_RESPONSE', 'QUIZ', '2021-03-16 14:01:56.131', 36, NULL);
INSERT INTO questions (id, creation_date, description, status, type, update_date, topic_id, user_id) VALUES (39, '2021-03-16 14:02:33.452', '<p>Cada objeto do Active Directory possui um descritor de segurança. Verdadeiro ou falso?</p>', 'WAITING_FOR_RESPONSE', 'QUIZ', '2021-03-16 14:02:33.452', 36, NULL);


--
-- Data for Name: alternatives; Type: TABLE DATA; Schema: public; Owner: -
--

INSERT INTO alternatives (id, correct, description, feedback, question_id) VALUES (1, false, 'Linguagem de Marcação de Texto', 'Errado! Estude com mais atenção!', 1);
INSERT INTO alternatives (id, correct, description, feedback, question_id) VALUES (2, false, 'Uma linguagem de programação funcional', 'Quasee! Estude com mais atenção!', 1);
INSERT INTO alternatives (id, correct, description, feedback, question_id) VALUES (3, true, 'Uma linguagem de programação orientada a objetos', 'Parabéns! Esta é a resposta certa!', 1);
INSERT INTO alternatives (id, correct, description, feedback, question_id) VALUES (4, false, 'uma IDE', 'Errado! Estude com mais atenção!', 1);
INSERT INTO alternatives (id, correct, description, feedback, question_id) VALUES (5, true, '11', 'Parabéns! Esta é a resposta certa!', 2);
INSERT INTO alternatives (id, correct, description, feedback, question_id) VALUES (6, false, '9', 'Quasee! Estude com mais atenção!', 2);
INSERT INTO alternatives (id, correct, description, feedback, question_id) VALUES (7, false, 'Error', 'Errado! Estude com mais atenção!', 2);
INSERT INTO alternatives (id, correct, description, feedback, question_id) VALUES (8, false, '10', 'Errado! Estude com mais atenção!', 2);
INSERT INTO alternatives (id, correct, description, feedback, question_id) VALUES (9, true, 'Resposta 1', 'Parabéns! Esta é a resposta certa!', 3);
INSERT INTO alternatives (id, correct, description, feedback, question_id) VALUES (10, false, 'Resposta 2', 'Quasee! Estude com mais atenção!', 3);
INSERT INTO alternatives (id, correct, description, feedback, question_id) VALUES (11, false, 'Resposta 3', 'Errado! Estude com mais atenção!', 3);
INSERT INTO alternatives (id, correct, description, feedback, question_id) VALUES (12, false, 'Resposta 4', 'Errado! Estude com mais atenção!', 3);
INSERT INTO alternatives (id, correct, description, feedback, question_id) VALUES (13, false, 'Resposta 5', 'Errado! Estude com mais atenção!', 3);
INSERT INTO alternatives (id, correct, description, feedback, question_id) VALUES (14, true, 'Resposta 1', 'Parabéns! Esta é a resposta certa!', 4);
INSERT INTO alternatives (id, correct, description, feedback, question_id) VALUES (15, false, 'Resposta 2', 'Quasee! Estude com mais atenção!', 4);
INSERT INTO alternatives (id, correct, description, feedback, question_id) VALUES (16, false, 'Resposta 3', 'Errado! Estude com mais atenção!', 4);
INSERT INTO alternatives (id, correct, description, feedback, question_id) VALUES (17, false, 'Resposta 4', 'Errado! Estude com mais atenção!', 4);
INSERT INTO alternatives (id, correct, description, feedback, question_id) VALUES (18, false, 'Resposta 5', 'Errado! Estude com mais atenção!', 4);
INSERT INTO alternatives (id, correct, description, feedback, question_id) VALUES (19, true, 'Resposta 1', 'Parabéns! Esta é a resposta certa!', 5);
INSERT INTO alternatives (id, correct, description, feedback, question_id) VALUES (20, false, 'Resposta 2', 'Quasee! Estude com mais atenção!', 5);
INSERT INTO alternatives (id, correct, description, feedback, question_id) VALUES (21, false, 'Resposta 3', 'Errado! Estude com mais atenção!', 5);
INSERT INTO alternatives (id, correct, description, feedback, question_id) VALUES (22, false, 'Resposta 4', 'Errado! Estude com mais atenção!', 5);
INSERT INTO alternatives (id, correct, description, feedback, question_id) VALUES (23, false, 'Resposta 5', 'Errado! Estude com mais atenção!', 5);
INSERT INTO alternatives (id, correct, description, feedback, question_id) VALUES (24, false, '11', 'Errado! Estude com mais atenção!', 6);
INSERT INTO alternatives (id, correct, description, feedback, question_id) VALUES (25, false, '9', 'Quasee! Estude com mais atenção!', 6);
INSERT INTO alternatives (id, correct, description, feedback, question_id) VALUES (26, false, 'Error', 'Errado! Estude com mais atenção!', 6);
INSERT INTO alternatives (id, correct, description, feedback, question_id) VALUES (27, true, 'x--', 'Parabéns! Esta é a resposta certa!', 6);
INSERT INTO alternatives (id, correct, description, feedback, question_id) VALUES (28, false, '10', 'Resposta Errada!', 6);
INSERT INTO alternatives (id, correct, description, feedback, question_id) VALUES (29, false, 'Quando o apontador de início apontar para zero.', 'Errado! Estude com mais atenção!', 7);
INSERT INTO alternatives (id, correct, description, feedback, question_id) VALUES (30, false, 'Quando o apontador de final apontar para zero.', 'Quasee! Estude com mais atenção!', 7);
INSERT INTO alternatives (id, correct, description, feedback, question_id) VALUES (31, false, 'Quando o apontador de final menos um (final-1) for igual ao início.', 'Errado! Estude com mais atenção!', 7);
INSERT INTO alternatives (id, correct, description, feedback, question_id) VALUES (32, true, 'Quando os apontadores de final e início apontarem para zero.', 'Parabéns! Esta é a resposta certa!', 7);
INSERT INTO alternatives (id, correct, description, feedback, question_id) VALUES (33, false, 'Quando o apontador de posição final for igual ao início.', 'Resposta Errada!', 7);
INSERT INTO alternatives (id, correct, description, feedback, question_id) VALUES (34, false, 'Quando o apontador de início apontar para zero.', 'Errado! Estude com mais atenção!', 8);
INSERT INTO alternatives (id, correct, description, feedback, question_id) VALUES (35, false, 'Quando o apontador de final apontar para zero.', 'Quasee! Estude com mais atenção!', 8);
INSERT INTO alternatives (id, correct, description, feedback, question_id) VALUES (36, false, 'Quando o apontador de final menos um (final-1) for igual ao início.', 'Errado! Estude com mais atenção!', 8);
INSERT INTO alternatives (id, correct, description, feedback, question_id) VALUES (37, true, 'Quando os apontadores de final e início apontarem para zero.', 'Parabéns! Esta é a resposta certa!', 8);
INSERT INTO alternatives (id, correct, description, feedback, question_id) VALUES (38, false, 'Quando o apontador de posição final for igual ao início.', 'Resposta Errada!', 8);
INSERT INTO alternatives (id, correct, description, feedback, question_id) VALUES (39, false, 'Quando o apontador de início apontar para zero.', 'Errado! Estude com mais atenção!', 9);
INSERT INTO alternatives (id, correct, description, feedback, question_id) VALUES (40, false, 'Quando o apontador de final apontar para zero.', 'Quasee! Estude com mais atenção!', 9);
INSERT INTO alternatives (id, correct, description, feedback, question_id) VALUES (41, false, 'Quando o apontador de final menos um (final-1) for igual ao início.', 'Errado! Estude com mais atenção!', 9);
INSERT INTO alternatives (id, correct, description, feedback, question_id) VALUES (42, true, 'Quando os apontadores de final e início apontarem para zero.', 'Parabéns! Esta é a resposta certa!', 9);
INSERT INTO alternatives (id, correct, description, feedback, question_id) VALUES (43, false, 'Quando o apontador de posição final for igual ao início.', 'Resposta Errada!', 9);
INSERT INTO alternatives (id, correct, description, feedback, question_id) VALUES (44, false, 'Quando o apontador de início apontar para zero.', 'Errado! Estude com mais atenção!', 10);
INSERT INTO alternatives (id, correct, description, feedback, question_id) VALUES (45, false, 'Quando o apontador de final apontar para zero.', 'Quasee! Estude com mais atenção!', 10);
INSERT INTO alternatives (id, correct, description, feedback, question_id) VALUES (46, false, 'Quando o apontador de final menos um (final-1) for igual ao início.', 'Errado! Estude com mais atenção!', 10);
INSERT INTO alternatives (id, correct, description, feedback, question_id) VALUES (47, true, 'Quando os apontadores de final e início apontarem para zero.', 'Parabéns! Esta é a resposta certa!', 10);
INSERT INTO alternatives (id, correct, description, feedback, question_id) VALUES (48, false, 'Quando o apontador de posição final for igual ao início.', 'Resposta Errada!', 10);
INSERT INTO alternatives (id, correct, description, feedback, question_id) VALUES (49, false, 'Quando o apontador de início apontar para zero.', 'Errado! Estude com mais atenção!', 11);
INSERT INTO alternatives (id, correct, description, feedback, question_id) VALUES (50, false, 'Quando o apontador de final apontar para zero.', 'Quasee! Estude com mais atenção!', 11);
INSERT INTO alternatives (id, correct, description, feedback, question_id) VALUES (51, false, 'Quando o apontador de final menos um (final-1) for igual ao início.', 'Errado! Estude com mais atenção!', 11);
INSERT INTO alternatives (id, correct, description, feedback, question_id) VALUES (52, true, 'Quando os apontadores de final e início apontarem para zero.', 'Parabéns! Esta é a resposta certa!', 11);
INSERT INTO alternatives (id, correct, description, feedback, question_id) VALUES (53, false, 'Quando o apontador de posição final for igual ao início.', 'Resposta Errada!', 11);
INSERT INTO alternatives (id, correct, description, feedback, question_id) VALUES (54, false, '2', '', 12);
INSERT INTO alternatives (id, correct, description, feedback, question_id) VALUES (55, false, '3', '', 12);
INSERT INTO alternatives (id, correct, description, feedback, question_id) VALUES (56, true, '7', '', 12);
INSERT INTO alternatives (id, correct, description, feedback, question_id) VALUES (57, false, 'Script de ataque', '', 13);
INSERT INTO alternatives (id, correct, description, feedback, question_id) VALUES (58, false, 'Ataque de força bruta', '', 13);
INSERT INTO alternatives (id, correct, description, feedback, question_id) VALUES (59, false, 'Ataque de dicionário', '', 13);
INSERT INTO alternatives (id, correct, description, feedback, question_id) VALUES (60, true, 'Ataque de engenharia social', '', 13);
INSERT INTO alternatives (id, correct, description, feedback, question_id) VALUES (61, false, 'Autorização', '', 14);
INSERT INTO alternatives (id, correct, description, feedback, question_id) VALUES (62, false, 'Confidencialidade', '', 14);
INSERT INTO alternatives (id, correct, description, feedback, question_id) VALUES (63, true, 'Integridade', '', 14);
INSERT INTO alternatives (id, correct, description, feedback, question_id) VALUES (64, false, 'Não-repúdio', '', 14);
INSERT INTO alternatives (id, correct, description, feedback, question_id) VALUES (65, true, 'Disponibilidade', '', 15);
INSERT INTO alternatives (id, correct, description, feedback, question_id) VALUES (66, false, 'Responsabilidade', '', 15);
INSERT INTO alternatives (id, correct, description, feedback, question_id) VALUES (67, false, 'Integridade', '', 15);
INSERT INTO alternatives (id, correct, description, feedback, question_id) VALUES (68, false, 'Confidencialidade', '', 15);
INSERT INTO alternatives (id, correct, description, feedback, question_id) VALUES (69, false, 'Verdadeiro', '', 16);
INSERT INTO alternatives (id, correct, description, feedback, question_id) VALUES (70, true, 'Falso', '', 16);
INSERT INTO alternatives (id, correct, description, feedback, question_id) VALUES (71, false, 'Computador portátil', '', 17);
INSERT INTO alternatives (id, correct, description, feedback, question_id) VALUES (72, false, 'Servidor de banco de dados', '', 17);
INSERT INTO alternatives (id, correct, description, feedback, question_id) VALUES (73, true, 'Reputação', '', 17);
INSERT INTO alternatives (id, correct, description, feedback, question_id) VALUES (74, false, 'Disponibilidade do servidor web', '', 17);
INSERT INTO alternatives (id, correct, description, feedback, question_id) VALUES (75, true, 'Verdadeiro', '', 18);
INSERT INTO alternatives (id, correct, description, feedback, question_id) VALUES (76, false, 'Falso', '', 18);
INSERT INTO alternatives (id, correct, description, feedback, question_id) VALUES (77, false, 'Link de Dados', '', 19);
INSERT INTO alternatives (id, correct, description, feedback, question_id) VALUES (78, true, 'Camada de Rede', '', 19);
INSERT INTO alternatives (id, correct, description, feedback, question_id) VALUES (79, false, 'Sessão', '', 19);
INSERT INTO alternatives (id, correct, description, feedback, question_id) VALUES (80, false, 'Transporte', '', 19);
INSERT INTO alternatives (id, correct, description, feedback, question_id) VALUES (81, false, 'ARP', '', 20);
INSERT INTO alternatives (id, correct, description, feedback, question_id) VALUES (82, false, 'Finger', '', 20);
INSERT INTO alternatives (id, correct, description, feedback, question_id) VALUES (83, false, 'Rlogin', '', 20);
INSERT INTO alternatives (id, correct, description, feedback, question_id) VALUES (84, true, 'SSH', '', 20);
INSERT INTO alternatives (id, correct, description, feedback, question_id) VALUES (85, false, '25', '', 21);
INSERT INTO alternatives (id, correct, description, feedback, question_id) VALUES (86, false, '79', '', 21);
INSERT INTO alternatives (id, correct, description, feedback, question_id) VALUES (87, true, '110', '', 21);
INSERT INTO alternatives (id, correct, description, feedback, question_id) VALUES (88, false, '445', '', 21);
INSERT INTO alternatives (id, correct, description, feedback, question_id) VALUES (89, false, 'É um servidor web.', '', 22);
INSERT INTO alternatives (id, correct, description, feedback, question_id) VALUES (90, false, 'Está executando o serviço FTP.', '', 22);
INSERT INTO alternatives (id, correct, description, feedback, question_id) VALUES (91, true, 'Pode ser acessado por Telnet.', '', 22);
INSERT INTO alternatives (id, correct, description, feedback, question_id) VALUES (92, false, 'Pode ser acessado por SSH.', '', 22);
INSERT INTO alternatives (id, correct, description, feedback, question_id) VALUES (93, false, 'Verdadeiro', '', 23);
INSERT INTO alternatives (id, correct, description, feedback, question_id) VALUES (94, true, 'Falso', '', 23);
INSERT INTO alternatives (id, correct, description, feedback, question_id) VALUES (95, false, 'Confidencialidade, integridade, autenticação', '', 24);
INSERT INTO alternatives (id, correct, description, feedback, question_id) VALUES (96, true, 'Geração de número aleatório, criptografia simétrica, assimétrica criptografia, funções hash', '', 24);
INSERT INTO alternatives (id, correct, description, feedback, question_id) VALUES (97, false, 'Força da chave, profundidade, previsibilidade', '', 24);
INSERT INTO alternatives (id, correct, description, feedback, question_id) VALUES (98, false, 'Confidencialidade, integridade, disponibilidade', '', 24);
INSERT INTO alternatives (id, correct, description, feedback, question_id) VALUES (99, true, 'AES', '', 25);
INSERT INTO alternatives (id, correct, description, feedback, question_id) VALUES (100, false, 'DES', '', 25);
INSERT INTO alternatives (id, correct, description, feedback, question_id) VALUES (101, false, '3DES', '', 25);
INSERT INTO alternatives (id, correct, description, feedback, question_id) VALUES (102, false, 'RSA', '', 25);
INSERT INTO alternatives (id, correct, description, feedback, question_id) VALUES (103, false, 'Verdadeiro', '', 26);
INSERT INTO alternatives (id, correct, description, feedback, question_id) VALUES (104, true, 'Falso', '', 26);
INSERT INTO alternatives (id, correct, description, feedback, question_id) VALUES (105, true, 'Verdadeiro', '', 27);
INSERT INTO alternatives (id, correct, description, feedback, question_id) VALUES (106, false, 'Falso', '', 27);
INSERT INTO alternatives (id, correct, description, feedback, question_id) VALUES (107, true, 'Danos de tempestade', '', 28);
INSERT INTO alternatives (id, correct, description, feedback, question_id) VALUES (108, false, 'Repúdio', '', 28);
INSERT INTO alternatives (id, correct, description, feedback, question_id) VALUES (109, false, 'Negação de serviço', '', 28);
INSERT INTO alternatives (id, correct, description, feedback, question_id) VALUES (110, false, 'Elevação de privilégio', '', 28);
INSERT INTO alternatives (id, correct, description, feedback, question_id) VALUES (111, true, 'Verdadeiro', '', 29);
INSERT INTO alternatives (id, correct, description, feedback, question_id) VALUES (112, false, 'Falso', '', 29);
INSERT INTO alternatives (id, correct, description, feedback, question_id) VALUES (113, false, 'Verdadeiro', '', 30);
INSERT INTO alternatives (id, correct, description, feedback, question_id) VALUES (114, true, 'Falso', '', 30);
INSERT INTO alternatives (id, correct, description, feedback, question_id) VALUES (115, false, 'Configurações de firewall', '', 31);
INSERT INTO alternatives (id, correct, description, feedback, question_id) VALUES (116, true, 'Práticas de divulgação de senha', '', 31);
INSERT INTO alternatives (id, correct, description, feedback, question_id) VALUES (117, false, 'Restrições de comprimento de senha', '', 31);
INSERT INTO alternatives (id, correct, description, feedback, question_id) VALUES (118, false, 'Restrições de controle de acesso', '', 31);
INSERT INTO alternatives (id, correct, description, feedback, question_id) VALUES (119, false, 'DAC', '', 32);
INSERT INTO alternatives (id, correct, description, feedback, question_id) VALUES (120, false, 'MAC', '', 32);
INSERT INTO alternatives (id, correct, description, feedback, question_id) VALUES (121, true, 'RBAC', '', 32);
INSERT INTO alternatives (id, correct, description, feedback, question_id) VALUES (122, false, 'DAC', '', 33);
INSERT INTO alternatives (id, correct, description, feedback, question_id) VALUES (123, true, 'MAC', '', 33);
INSERT INTO alternatives (id, correct, description, feedback, question_id) VALUES (124, false, 'RBAC', '', 33);
INSERT INTO alternatives (id, correct, description, feedback, question_id) VALUES (125, false, 'Verdadeiro', '', 34);
INSERT INTO alternatives (id, correct, description, feedback, question_id) VALUES (126, true, 'Falso', '', 34);
INSERT INTO alternatives (id, correct, description, feedback, question_id) VALUES (127, false, 'ACL', '', 35);
INSERT INTO alternatives (id, correct, description, feedback, question_id) VALUES (128, false, 'ACE', '', 35);
INSERT INTO alternatives (id, correct, description, feedback, question_id) VALUES (129, false, 'DACL', '', 35);
INSERT INTO alternatives (id, correct, description, feedback, question_id) VALUES (130, true, 'CID', '', 35);
INSERT INTO alternatives (id, correct, description, feedback, question_id) VALUES (131, false, 'Domínio Local', '', 36);
INSERT INTO alternatives (id, correct, description, feedback, question_id) VALUES (132, false, 'Global', '', 36);
INSERT INTO alternatives (id, correct, description, feedback, question_id) VALUES (133, true, 'Universal', '', 36);
INSERT INTO alternatives (id, correct, description, feedback, question_id) VALUES (134, true, 'Domínio Local', '', 37);
INSERT INTO alternatives (id, correct, description, feedback, question_id) VALUES (135, false, 'Global', '', 37);
INSERT INTO alternatives (id, correct, description, feedback, question_id) VALUES (136, false, 'Universal', '', 37);
INSERT INTO alternatives (id, correct, description, feedback, question_id) VALUES (137, true, 'Verdadeiro', '', 38);
INSERT INTO alternatives (id, correct, description, feedback, question_id) VALUES (138, false, 'Falso', '', 38);
INSERT INTO alternatives (id, correct, description, feedback, question_id) VALUES (139, true, 'Verdadeiro', '', 39);
INSERT INTO alternatives (id, correct, description, feedback, question_id) VALUES (140, false, 'Falso', '', 39);


--
-- Data for Name: answers; Type: TABLE DATA; Schema: public; Owner: -
--

INSERT INTO answers (correct, date, user_id, question_id) VALUES (true, '2021-03-15 23:13:59.435', 1, 12);
INSERT INTO answers (correct, date, user_id, question_id) VALUES (true, '2021-03-15 23:48:01.992', 1, 13);


--
-- Data for Name: comments; Type: TABLE DATA; Schema: public; Owner: -
--



--
-- Data for Name: discipline_users; Type: TABLE DATA; Schema: public; Owner: -
--

INSERT INTO discipline_users (access_date, liked, user_id, discipline_id) VALUES ('2021-03-15 21:01:33.125', false, 1, 1);
INSERT INTO discipline_users (access_date, liked, user_id, discipline_id) VALUES ('2021-03-15 23:06:32.511', false, 1, 2);
INSERT INTO discipline_users (access_date, liked, user_id, discipline_id) VALUES ('2021-03-15 23:22:25.273', false, 1, 3);
INSERT INTO discipline_users (access_date, liked, user_id, discipline_id) VALUES ('2021-03-16 13:53:46.625', false, 1, 12);


--
-- Data for Name: forum_topics; Type: TABLE DATA; Schema: public; Owner: -
--

INSERT INTO forum_topics (id, date, description, likes, title, discipline_id, user_id) VALUES (1, '2021-03-13 05:55:02.911', 'alfajdf jadlfa sasd fjaçsd pogijaefk ajsfpasdfi', 0, 'Duvida Routers', 4, 4);
INSERT INTO forum_topics (id, date, description, likes, title, discipline_id, user_id) VALUES (2, '2021-03-13 05:55:02.923', 'alfajdf jadlfa sasd fjaçsd pogijaefk ajsfpasdfi', 0, 'Alguem me ajuda por favoor!!!', 4, 3);
INSERT INTO forum_topics (id, date, description, likes, title, discipline_id, user_id) VALUES (3, '2021-03-13 05:55:02.926', 'alfajdf jadlfa sasd fjaçsd pogijaefk ajsfpasdfi', 0, 'Configurar um Roteador', 4, 6);


--
-- Data for Name: forum_topic_comments; Type: TABLE DATA; Schema: public; Owner: -
--

INSERT INTO forum_topic_comments (id, content, date, likes, forum_topic_id, user_id) VALUES (1, 'Comment 1', '2021-03-13 05:55:02.939', 0, 1, 2);
INSERT INTO forum_topic_comments (id, content, date, likes, forum_topic_id, user_id) VALUES (2, 'Comment 2', '2021-03-13 05:55:02.944', 0, 1, 3);
INSERT INTO forum_topic_comments (id, content, date, likes, forum_topic_id, user_id) VALUES (3, 'Comment 3', '2021-03-13 05:55:02.951', 0, 1, 4);
INSERT INTO forum_topic_comments (id, content, date, likes, forum_topic_id, user_id) VALUES (4, 'Comment 4', '2021-03-13 05:55:02.954', 0, 2, 2);
INSERT INTO forum_topic_comments (id, content, date, likes, forum_topic_id, user_id) VALUES (5, 'Comment 5', '2021-03-13 05:55:02.958', 0, 3, 5);
INSERT INTO forum_topic_comments (id, content, date, likes, forum_topic_id, user_id) VALUES (6, 'Comment 6', '2021-03-13 05:55:02.961', 0, 3, 6);
INSERT INTO forum_topic_comments (id, content, date, likes, forum_topic_id, user_id) VALUES (7, 'Comment 7', '2021-03-13 05:55:02.964', 0, 3, 6);


--
-- Data for Name: games; Type: TABLE DATA; Schema: public; Owner: -
--



--
-- Data for Name: game_users; Type: TABLE DATA; Schema: public; Owner: -
--



--
-- Data for Name: rounds; Type: TABLE DATA; Schema: public; Owner: -
--



--
-- Data for Name: games_rounds; Type: TABLE DATA; Schema: public; Owner: -
--



--
-- Data for Name: games_topics; Type: TABLE DATA; Schema: public; Owner: -
--



--
-- Data for Name: messages; Type: TABLE DATA; Schema: public; Owner: -
--

INSERT INTO messages (id, date, new_message, subject, text, sender_id, recipient_id) VALUES (1, '2021-03-13 05:55:01.99', false, 'Subject 1', 'Text 1', 5, 2);
INSERT INTO messages (id, date, new_message, subject, text, sender_id, recipient_id) VALUES (2, '2021-03-13 05:55:01.995', false, 'Subject 2', 'Text 2', 2, 5);
INSERT INTO messages (id, date, new_message, subject, text, sender_id, recipient_id) VALUES (3, '2021-03-13 05:55:01.998', false, 'Subject 3', 'Text 3', 3, 2);
INSERT INTO messages (id, date, new_message, subject, text, sender_id, recipient_id) VALUES (4, '2021-03-13 05:55:02.002', false, 'Subject 4', 'Text 4', 4, 5);
INSERT INTO messages (id, date, new_message, subject, text, sender_id, recipient_id) VALUES (5, '2021-03-13 05:55:02.005', false, 'Subject 5', 'Text 5', 1, 2);
INSERT INTO messages (id, date, new_message, subject, text, sender_id, recipient_id) VALUES (6, '2021-03-13 05:55:02.009', false, 'Subject 6', 'Text 6', 1, 2);


--
-- Data for Name: rewards; Type: TABLE DATA; Schema: public; Owner: -
--

INSERT INTO rewards (id, date, type, user_id) VALUES (1, '2021-03-13 05:55:02.025', 'RIGHT_ANSWER', 2);
INSERT INTO rewards (id, date, type, user_id) VALUES (2, '2021-03-13 05:55:02.031', 'GAME', 2);
INSERT INTO rewards (id, date, type, user_id) VALUES (3, '2021-03-13 05:55:02.034', 'RIGHT_ANSWER', 6);
INSERT INTO rewards (id, date, type, user_id) VALUES (4, '2021-03-13 05:55:02.037', 'TEST_SUCCESS', 6);
INSERT INTO rewards (id, date, type, user_id) VALUES (5, '2021-03-15 23:13:59.419', 'RIGHT_ANSWER', 1);
INSERT INTO rewards (id, date, type, user_id) VALUES (6, '2021-03-15 23:48:01.983', 'RIGHT_ANSWER', 1);


--
-- Data for Name: roles; Type: TABLE DATA; Schema: public; Owner: -
--

INSERT INTO roles (id, name) VALUES (1, 'ROLE_ADMIN');
INSERT INTO roles (id, name) VALUES (2, 'ROLE_USER');


--
-- Data for Name: rounds_users_who_answered; Type: TABLE DATA; Schema: public; Owner: -
--



--
-- Data for Name: tests; Type: TABLE DATA; Schema: public; Owner: -
--



--
-- Data for Name: tests_questions; Type: TABLE DATA; Schema: public; Owner: -
--



--
-- Data for Name: tests_topics; Type: TABLE DATA; Schema: public; Owner: -
--



--
-- Data for Name: topic_users; Type: TABLE DATA; Schema: public; Owner: -
--

INSERT INTO topic_users (annotation, finish_date, finished, liked, user_id, topic_id) VALUES ('', '2021-03-15 21:37:02.566', true, false, 1, 32);


--
-- Data for Name: user_activities; Type: TABLE DATA; Schema: public; Owner: -
--

INSERT INTO user_activities (complete_tests, content_uploaded, game_losses, game_wins, right_answers, wrong_answers, user_id) VALUES (0, 0, 0, 0, 0, 0, 2);
INSERT INTO user_activities (complete_tests, content_uploaded, game_losses, game_wins, right_answers, wrong_answers, user_id) VALUES (0, 0, 0, 0, 0, 0, 3);
INSERT INTO user_activities (complete_tests, content_uploaded, game_losses, game_wins, right_answers, wrong_answers, user_id) VALUES (0, 0, 0, 0, 0, 0, 4);
INSERT INTO user_activities (complete_tests, content_uploaded, game_losses, game_wins, right_answers, wrong_answers, user_id) VALUES (0, 0, 0, 0, 0, 0, 5);
INSERT INTO user_activities (complete_tests, content_uploaded, game_losses, game_wins, right_answers, wrong_answers, user_id) VALUES (0, 0, 0, 0, 0, 0, 6);
INSERT INTO user_activities (complete_tests, content_uploaded, game_losses, game_wins, right_answers, wrong_answers, user_id) VALUES (0, 0, 0, 0, 2, 0, 1);


--
-- Data for Name: user_role; Type: TABLE DATA; Schema: public; Owner: -
--

INSERT INTO user_role (user_id, role_id) VALUES (1, 2);
INSERT INTO user_role (user_id, role_id) VALUES (1, 1);
INSERT INTO user_role (user_id, role_id) VALUES (2, 2);
INSERT INTO user_role (user_id, role_id) VALUES (3, 2);
INSERT INTO user_role (user_id, role_id) VALUES (4, 2);
INSERT INTO user_role (user_id, role_id) VALUES (5, 2);
INSERT INTO user_role (user_id, role_id) VALUES (6, 2);


--
-- Name: alternatives_id_seq; Type: SEQUENCE SET; Schema: public; Owner: -
--

SELECT pg_catalog.setval('alternatives_id_seq', 140, true);


--
-- Name: comments_id_seq; Type: SEQUENCE SET; Schema: public; Owner: -
--

SELECT pg_catalog.setval('comments_id_seq', 1, false);


--
-- Name: courses_id_seq; Type: SEQUENCE SET; Schema: public; Owner: -
--

SELECT pg_catalog.setval('courses_id_seq', 5, true);


--
-- Name: disciplines_id_seq; Type: SEQUENCE SET; Schema: public; Owner: -
--

SELECT pg_catalog.setval('disciplines_id_seq', 10, true);


--
-- Name: forum_topic_comments_id_seq; Type: SEQUENCE SET; Schema: public; Owner: -
--

SELECT pg_catalog.setval('forum_topic_comments_id_seq', 7, true);


--
-- Name: forum_topics_id_seq; Type: SEQUENCE SET; Schema: public; Owner: -
--

SELECT pg_catalog.setval('forum_topics_id_seq', 3, true);


--
-- Name: games_id_seq; Type: SEQUENCE SET; Schema: public; Owner: -
--

SELECT pg_catalog.setval('games_id_seq', 1, false);


--
-- Name: institutions_id_seq; Type: SEQUENCE SET; Schema: public; Owner: -
--

SELECT pg_catalog.setval('institutions_id_seq', 2, true);


--
-- Name: messages_id_seq; Type: SEQUENCE SET; Schema: public; Owner: -
--

SELECT pg_catalog.setval('messages_id_seq', 6, true);


--
-- Name: questions_id_seq; Type: SEQUENCE SET; Schema: public; Owner: -
--

SELECT pg_catalog.setval('questions_id_seq', 39, true);


--
-- Name: rewards_id_seq; Type: SEQUENCE SET; Schema: public; Owner: -
--

SELECT pg_catalog.setval('rewards_id_seq', 6, true);


--
-- Name: roles_id_seq; Type: SEQUENCE SET; Schema: public; Owner: -
--

SELECT pg_catalog.setval('roles_id_seq', 2, true);


--
-- Name: rounds_id_seq; Type: SEQUENCE SET; Schema: public; Owner: -
--

SELECT pg_catalog.setval('rounds_id_seq', 1, false);


--
-- Name: tests_id_seq; Type: SEQUENCE SET; Schema: public; Owner: -
--

SELECT pg_catalog.setval('tests_id_seq', 1, false);


--
-- Name: topics_id_seq; Type: SEQUENCE SET; Schema: public; Owner: -
--

SELECT pg_catalog.setval('topics_id_seq', 36, true);


--
-- Name: users_id_seq; Type: SEQUENCE SET; Schema: public; Owner: -
--

SELECT pg_catalog.setval('users_id_seq', 6, true);


--
-- PostgreSQL database dump complete
--

